Predicted_PDB,Reference_ID,DockQ_Score
7yfy_se1_sa2.pdb,7YFY.pdb,0.603
m1239v1_se1_sa1.pdb,M1239v1.pdb,N/A
r1283v2_se3_sa2.pdb,R1283v2.pdb,0.023
7yfq_se4_sa0.pdb,7YFQ.pdb,0.626
m1228v1_se5_sa0.pdb,M1228v1.pdb,N/A
8hba_se4_sa2.pdb,8HBA.pdb,0.013
8ki8_se1_sa1.pdb,8KI8.pdb,0.129
8kgf_se5_sa0.pdb,8KGF.pdb,0.583
r1253v1o_se3_sa3.pdb,R1253v1o.pdb,0.113
m1212_se4_sa3.pdb,M1212.pdb,N/A
8sa3_se4_sa3.pdb,8SA3.pdb,0.002
m1239v1_se1_sa0.pdb,M1239v1.pdb,N/A
8wu5_se4_sa4.pdb,8WU5.pdb,0.496
8k0p_se3_sa1.pdb,8K0P.pdb,0.001
8d4b_se5_sa2.pdb,8D4B.pdb,0.299
r1283v2_se2_sa3.pdb,R1283v2.pdb,0.066
m1293_se5_sa1.pdb,M1293.pdb,0.616
m1212_se5_sa3.pdb,M1212.pdb,N/A
7vsj_se1_sa1.pdb,7VSJ.pdb,0.061
8sxl_se5_sa4.pdb,8SXL.pdb,0.936
8kgf_se1_sa1.pdb,8KGF.pdb,0.354
7tzr_se2_sa1.pdb,7TZR.pdb,0.007
7uim_se2_sa4.pdb,7UIM.pdb,0.005
7yfx_se5_sa4.pdb,7YFX.pdb,0.185
8eyu_se4_sa4.pdb,8EYU.pdb,0.004
m1276_se1_sa1.pdb,M1276.pdb,N/A
m1209_se1_sa3.pdb,M1209.pdb,0.487
8d49_se1_sa1.pdb,8D49.pdb,0.243
8sa3_se3_sa3.pdb,8SA3.pdb,0.002
7xkm_se1_sa3.pdb,7XKM.pdb,0.198
7yey_se3_sa3.pdb,7YEY.pdb,0.013
m1239v1_se2_sa0.pdb,M1239v1.pdb,N/A
7yfq_se5_sa1.pdb,7YFQ.pdb,0.606
m1276_se3_sa4.pdb,M1276.pdb,N/A
8id2_se2_sa3.pdb,8ID2.pdb,0.207
m1296_se3_sa1.pdb,M1296.pdb,0.626
m1209_se3_sa0.pdb,M1209.pdb,0.481
8d49_se5_sa1.pdb,8D49.pdb,0.223
8wu5_se3_sa2.pdb,8WU5.pdb,0.500
8e29_se3_sa4.pdb,8E29.pdb,0.524
7vti_se2_sa0.pdb,7VTI.pdb,0.242
8tsv_se3_sa3.pdb,8TSV.pdb,0.555
8tqx_se1_sa4.pdb,8TQX.pdb,0.745
8e29_se5_sa2.pdb,8E29.pdb,0.392
m1293_se4_sa4.pdb,M1293.pdb,0.517
8uo6_se3_sa0.pdb,8UO6.pdb,0.012
8e29_se4_sa2.pdb,8E29.pdb,0.424
r1281o_se5_sa1.pdb,R1281o.pdb,0.001
m1211_se5_sa2.pdb,M1211.pdb,0.023
7ygn_se3_sa4.pdb,7YGN.pdb,0.731
8d71_se3_sa0.pdb,8D71.pdb,0.877
r1253v1o_se1_sa3.pdb,R1253v1o.pdb,0.091
m1282_se5_sa2.pdb,M1282.pdb,0.027
8kgf_se2_sa0.pdb,8KGF.pdb,0.597
7yfx_se5_sa0.pdb,7YFX.pdb,0.177
8wu5_se5_sa3.pdb,8WU5.pdb,0.477
8d71_se3_sa2.pdb,8D71.pdb,0.850
7uim_se5_sa1.pdb,7UIM.pdb,0.015
8sj7_se4_sa1.pdb,8SJ7.pdb,0.772
8ud4_se5_sa2.pdb,8UD4.pdb,0.656
8k34_se2_sa4.pdb,8K34.pdb,0.635
8k0p_se3_sa3.pdb,8K0P.pdb,0.003
8wcs_se1_sa0.pdb,8WCS.pdb,0.015
7vsj_se2_sa0.pdb,7VSJ.pdb,0.071
7yex_se3_sa2.pdb,7YEX.pdb,0.183
8hzl_se5_sa2.pdb,8HZL.pdb,0.083
7yex_se4_sa0.pdb,7YEX.pdb,0.436
m1239v1_se2_sa4.pdb,M1239v1.pdb,N/A
7vsj_se3_sa3.pdb,7VSJ.pdb,0.135
m1216_se1_sa1.pdb,M1216.pdb,N/A
m1228v1_se1_sa4.pdb,M1228v1.pdb,N/A
7yfy_se1_sa1.pdb,7YFY.pdb,0.613
7xkm_se3_sa4.pdb,7XKM.pdb,0.387
m1282_se2_sa3.pdb,M1282.pdb,0.013
7tzr_se1_sa1.pdb,7TZR.pdb,0.006
7vsj_se5_sa4.pdb,7VSJ.pdb,0.066
m1211_se3_sa1.pdb,M1211.pdb,0.023
8ud4_se2_sa0.pdb,8UD4.pdb,0.656
8uo6_se4_sa1.pdb,8UO6.pdb,0.012
r1281o_se4_sa3.pdb,R1281o.pdb,0.241
8hba_se3_sa2.pdb,8HBA.pdb,0.009
8wu5_se3_sa4.pdb,8WU5.pdb,0.520
7yey_se1_sa4.pdb,7YEY.pdb,0.013
8hzj_se1_sa2.pdb,8HZJ.pdb,0.037
m1216_se2_sa3.pdb,M1216.pdb,N/A
8id2_se1_sa4.pdb,8ID2.pdb,0.255
7uim_se4_sa1.pdb,7UIM.pdb,0.003
8x1v_se1_sa3.pdb,8X1V.pdb,0.157
8d71_se4_sa0.pdb,8D71.pdb,0.856
8k34_se3_sa1.pdb,8K34.pdb,0.630
r1250o_se3_sa2.pdb,R1250o.pdb,0.002
r1253v1o_se4_sa2.pdb,R1253v1o.pdb,0.072
m1212_se4_sa4.pdb,M1212.pdb,N/A
8k34_se1_sa2.pdb,8K34.pdb,0.633
8ud4_se2_sa4.pdb,8UD4.pdb,0.655
r1253v1o_se2_sa2.pdb,R1253v1o.pdb,0.065
7yfx_se4_sa2.pdb,7YFX.pdb,0.447
8e2a_se3_sa2.pdb,8E2A.pdb,0.022
8wcs_se1_sa3.pdb,8WCS.pdb,0.018
8e29_se1_sa1.pdb,8E29.pdb,0.481
r1281o_se5_sa0.pdb,R1281o.pdb,0.212
8tsv_se5_sa2.pdb,8TSV.pdb,0.533
8d49_se3_sa3.pdb,8D49.pdb,0.246
8ki8_se3_sa2.pdb,8KI8.pdb,0.109
7ygn_se1_sa3.pdb,7YGN.pdb,0.469
m1276_se1_sa2.pdb,M1276.pdb,N/A
r1285o_se4_sa2.pdb,R1285o.pdb,0.002
8d4b_se1_sa4.pdb,8D4B.pdb,0.239
7vkl_se2_sa2.pdb,7VKL.pdb,0.014
7yex_se4_sa3.pdb,7YEX.pdb,0.323
7yex_se5_sa4.pdb,7YEX.pdb,0.498
8thq_se1_sa4.pdb,8THQ.pdb,0.695
m1228v1_se3_sa0.pdb,M1228v1.pdb,N/A
8d71_se5_sa0.pdb,8D71.pdb,0.841
8fti_se4_sa2.pdb,8FTI.pdb,0.056
r1285o_se2_sa3.pdb,R1285o.pdb,0.002
r1283v2_se4_sa3.pdb,R1283v2.pdb,0.002
7yfq_se4_sa4.pdb,7YFQ.pdb,0.604
8uo6_se4_sa0.pdb,8UO6.pdb,0.016
7ygn_se4_sa0.pdb,7YGN.pdb,0.278
8ud4_se1_sa0.pdb,8UD4.pdb,0.651
8sa3_se4_sa4.pdb,8SA3.pdb,0.002
m1293_se4_sa1.pdb,M1293.pdb,0.635
r1285o_se1_sa2.pdb,R1285o.pdb,0.002
8sa3_se3_sa2.pdb,8SA3.pdb,0.002
m1296_se3_sa3.pdb,M1296.pdb,0.625
8hzl_se3_sa0.pdb,8HZL.pdb,0.018
7yfq_se3_sa0.pdb,7YFQ.pdb,0.621
m1216_se2_sa4.pdb,M1216.pdb,N/A
8fti_se2_sa4.pdb,8FTI.pdb,0.019
m1211_se3_sa3.pdb,M1211.pdb,0.023
8e29_se1_sa2.pdb,8E29.pdb,0.432
m1282_se1_sa2.pdb,M1282.pdb,0.010
8e2a_se2_sa4.pdb,8E2A.pdb,0.027
8d4b_se3_sa1.pdb,8D4B.pdb,0.166
8hba_se5_sa4.pdb,8HBA.pdb,0.009
8sj7_se2_sa2.pdb,8SJ7.pdb,0.771
8hzl_se3_sa4.pdb,8HZL.pdb,0.013
8d49_se2_sa4.pdb,8D49.pdb,0.196
m1239v1_se1_sa3.pdb,M1239v1.pdb,N/A
7yex_se5_sa3.pdb,7YEX.pdb,0.490
m1216_se1_sa2.pdb,M1216.pdb,N/A
7vsj_se3_sa1.pdb,7VSJ.pdb,0.129
8uo6_se3_sa4.pdb,8UO6.pdb,0.013
m1228v1_se2_sa2.pdb,M1228v1.pdb,N/A
8e29_se1_sa3.pdb,8E29.pdb,0.453
r1285o_se1_sa3.pdb,R1285o.pdb,0.002
7tzr_se2_sa2.pdb,7TZR.pdb,0.004
m1293_se4_sa3.pdb,M1293.pdb,0.626
7vti_se1_sa2.pdb,7VTI.pdb,0.257
m1276_se1_sa3.pdb,M1276.pdb,N/A
m1239v1_se3_sa2.pdb,M1239v1.pdb,N/A
r1285o_se5_sa1.pdb,R1285o.pdb,0.002
r1252o_se5_sa1.pdb,R1252o.pdb,0.003
r1253v1o_se1_sa2.pdb,R1253v1o.pdb,0.121
9cpi_se3_sa4.pdb,9CPI.pdb,0.649
r1285o_se1_sa1.pdb,R1285o.pdb,0.101
7yfx_se3_sa4.pdb,7YFX.pdb,0.319
7ygn_se2_sa0.pdb,7YGN.pdb,0.294
m1209_se1_sa1.pdb,M1209.pdb,0.621
r1281o_se2_sa1.pdb,R1281o.pdb,0.001
7uim_se5_sa4.pdb,7UIM.pdb,0.004
m1216_se3_sa4.pdb,M1216.pdb,N/A
7yey_se4_sa1.pdb,7YEY.pdb,0.013
8uo6_se5_sa0.pdb,8UO6.pdb,0.012
8fti_se2_sa1.pdb,8FTI.pdb,0.012
8e29_se2_sa4.pdb,8E29.pdb,0.420
m1209_se5_sa2.pdb,M1209.pdb,0.492
7vkl_se1_sa1.pdb,7VKL.pdb,0.014
8sa3_se3_sa1.pdb,8SA3.pdb,0.187
r1283v2_se1_sa1.pdb,R1283v2.pdb,0.095
8hzj_se3_sa3.pdb,8HZJ.pdb,0.028
7yey_se3_sa1.pdb,7YEY.pdb,0.013
r1285o_se4_sa1.pdb,R1285o.pdb,0.002
8e29_se1_sa4.pdb,8E29.pdb,0.482
7ygn_se3_sa1.pdb,7YGN.pdb,0.713
8ki8_se4_sa3.pdb,8KI8.pdb,0.110
m1276_se4_sa3.pdb,M1276.pdb,N/A
7xkm_se3_sa3.pdb,7XKM.pdb,0.191
8hzj_se4_sa3.pdb,8HZJ.pdb,0.066
8hzl_se2_sa0.pdb,8HZL.pdb,0.010
8id2_se4_sa1.pdb,8ID2.pdb,0.245
m1228v1_se4_sa0.pdb,M1228v1.pdb,N/A
7yfy_se4_sa4.pdb,7YFY.pdb,0.550
m1212_se2_sa2.pdb,M1212.pdb,N/A
m1209_se5_sa4.pdb,M1209.pdb,0.497
8tqx_se3_sa2.pdb,8TQX.pdb,0.759
r1281o_se4_sa4.pdb,R1281o.pdb,0.002
m1216_se4_sa0.pdb,M1216.pdb,N/A
8e29_se4_sa3.pdb,8E29.pdb,0.495
r1252o_se3_sa4.pdb,R1252o.pdb,0.003
8hzj_se5_sa4.pdb,8HZJ.pdb,0.038
7vkl_se4_sa3.pdb,7VKL.pdb,0.014
m1276_se3_sa0.pdb,M1276.pdb,N/A
8ud4_se2_sa1.pdb,8UD4.pdb,0.652
m1293_se2_sa3.pdb,M1293.pdb,0.656
m1282_se1_sa4.pdb,M1282.pdb,0.019
7yfx_se5_sa1.pdb,7YFX.pdb,0.186
8k34_se5_sa1.pdb,8K34.pdb,0.416
8x1v_se5_sa1.pdb,8X1V.pdb,0.176
8k34_se3_sa4.pdb,8K34.pdb,0.624
m1282_se1_sa0.pdb,M1282.pdb,0.014
8hzl_se3_sa3.pdb,8HZL.pdb,0.010
8d49_se3_sa0.pdb,8D49.pdb,0.230
m1209_se1_sa2.pdb,M1209.pdb,0.492
r1252o_se1_sa2.pdb,R1252o.pdb,0.002
r1285o_se3_sa2.pdb,R1285o.pdb,0.002
m1296_se3_sa0.pdb,M1296.pdb,0.607
8k0p_se2_sa0.pdb,8K0P.pdb,0.051
8wu5_se5_sa1.pdb,8WU5.pdb,0.493
m1212_se5_sa2.pdb,M1212.pdb,N/A
r1281o_se5_sa2.pdb,R1281o.pdb,0.001
r1285o_se5_sa3.pdb,R1285o.pdb,0.002
8wu5_se1_sa4.pdb,8WU5.pdb,0.475
8hzj_se5_sa0.pdb,8HZJ.pdb,0.026
8wcs_se3_sa0.pdb,8WCS.pdb,0.011
9cpi_se2_sa1.pdb,9CPI.pdb,0.650
8id2_se4_sa2.pdb,8ID2.pdb,0.211
8ki8_se4_sa0.pdb,8KI8.pdb,0.109
r1253v1o_se3_sa1.pdb,R1253v1o.pdb,0.114
8uo6_se1_sa0.pdb,8UO6.pdb,0.014
8sa3_se2_sa4.pdb,8SA3.pdb,0.196
7yey_se2_sa1.pdb,7YEY.pdb,0.013
7vkl_se3_sa2.pdb,7VKL.pdb,0.014
8kgf_se4_sa0.pdb,8KGF.pdb,0.668
8hba_se4_sa3.pdb,8HBA.pdb,0.008
8fti_se4_sa3.pdb,8FTI.pdb,0.011
8x1v_se1_sa0.pdb,8X1V.pdb,0.160
8hzl_se3_sa1.pdb,8HZL.pdb,0.020
r1285o_se2_sa4.pdb,R1285o.pdb,0.002
8id2_se4_sa0.pdb,8ID2.pdb,0.207
r1285o_se1_sa0.pdb,R1285o.pdb,0.002
8hba_se5_sa2.pdb,8HBA.pdb,0.013
7vti_se5_sa1.pdb,7VTI.pdb,0.241
8eyu_se5_sa3.pdb,8EYU.pdb,0.005
8ki8_se3_sa0.pdb,8KI8.pdb,0.112
7yfq_se2_sa4.pdb,7YFQ.pdb,0.600
r1285o_se5_sa4.pdb,R1285o.pdb,0.003
8hzl_se5_sa4.pdb,8HZL.pdb,0.147
m1293_se5_sa2.pdb,M1293.pdb,0.626
8wcs_se5_sa3.pdb,8WCS.pdb,0.016
8e2a_se5_sa4.pdb,8E2A.pdb,0.067
7yex_se2_sa3.pdb,7YEX.pdb,0.259
8wu5_se4_sa0.pdb,8WU5.pdb,0.470
8ki8_se5_sa1.pdb,8KI8.pdb,0.105
8eyu_se1_sa1.pdb,8EYU.pdb,0.039
m1216_se3_sa2.pdb,M1216.pdb,N/A
7yex_se2_sa0.pdb,7YEX.pdb,0.329
9cpi_se2_sa3.pdb,9CPI.pdb,0.640
7yfy_se3_sa1.pdb,7YFY.pdb,0.568
8tsv_se5_sa4.pdb,8TSV.pdb,0.538
7yey_se1_sa2.pdb,7YEY.pdb,0.013
8sa3_se5_sa0.pdb,8SA3.pdb,0.002
8wcs_se2_sa0.pdb,8WCS.pdb,0.020
8x1v_se5_sa3.pdb,8X1V.pdb,0.162
m1211_se2_sa2.pdb,M1211.pdb,0.023
8fti_se5_sa1.pdb,8FTI.pdb,0.002
m1239v1_se3_sa3.pdb,M1239v1.pdb,N/A
8fti_se4_sa1.pdb,8FTI.pdb,0.010
7yfq_se4_sa3.pdb,7YFQ.pdb,0.601
8d71_se2_sa2.pdb,8D71.pdb,0.855
7xkm_se2_sa3.pdb,7XKM.pdb,0.428
8hzl_se1_sa4.pdb,8HZL.pdb,0.002
7uim_se5_sa2.pdb,7UIM.pdb,0.059
8x1v_se3_sa3.pdb,8X1V.pdb,0.152
8e2a_se5_sa0.pdb,8E2A.pdb,0.048
8sa3_se1_sa3.pdb,8SA3.pdb,0.002
r1285o_se4_sa3.pdb,R1285o.pdb,0.002
r1250o_se1_sa0.pdb,R1250o.pdb,0.002
8hba_se5_sa1.pdb,8HBA.pdb,0.010
8hba_se5_sa0.pdb,8HBA.pdb,0.008
8hzj_se3_sa0.pdb,8HZJ.pdb,0.025
7vti_se4_sa4.pdb,7VTI.pdb,0.268
m1296_se5_sa2.pdb,M1296.pdb,0.641
8wu5_se4_sa2.pdb,8WU5.pdb,0.487
8d71_se4_sa4.pdb,8D71.pdb,0.843
8e29_se2_sa3.pdb,8E29.pdb,0.442
8sa3_se2_sa1.pdb,8SA3.pdb,0.202
7yfx_se1_sa3.pdb,7YFX.pdb,0.400
7yfy_se4_sa0.pdb,7YFY.pdb,0.613
8kgf_se3_sa4.pdb,8KGF.pdb,0.597
8uo6_se3_sa1.pdb,8UO6.pdb,0.013
8e2a_se2_sa2.pdb,8E2A.pdb,0.071
8thq_se2_sa1.pdb,8THQ.pdb,0.693
m1239v1_se4_sa4.pdb,M1239v1.pdb,N/A
8thq_se4_sa0.pdb,8THQ.pdb,0.695
8d4b_se5_sa1.pdb,8D4B.pdb,0.243
r1253v1o_se3_sa4.pdb,R1253v1o.pdb,0.120
7yfq_se5_sa2.pdb,7YFQ.pdb,0.612
r1252o_se2_sa3.pdb,R1252o.pdb,0.003
r1283v2_se2_sa4.pdb,R1283v2.pdb,0.004
m1228v1_se2_sa1.pdb,M1228v1.pdb,N/A
8hba_se1_sa2.pdb,8HBA.pdb,0.012
8d4b_se2_sa2.pdb,8D4B.pdb,0.222
7vti_se1_sa1.pdb,7VTI.pdb,0.263
7xkm_se2_sa0.pdb,7XKM.pdb,0.406
7yfq_se1_sa1.pdb,7YFQ.pdb,0.615
8sxl_se2_sa0.pdb,8SXL.pdb,0.941
7tzr_se2_sa3.pdb,7TZR.pdb,0.079
r1285o_se2_sa1.pdb,R1285o.pdb,0.002
7uim_se2_sa0.pdb,7UIM.pdb,0.017
m1296_se1_sa2.pdb,M1296.pdb,0.613
7yfx_se1_sa2.pdb,7YFX.pdb,0.328
7uim_se3_sa0.pdb,7UIM.pdb,0.014
m1212_se2_sa1.pdb,M1212.pdb,N/A
8fti_se3_sa1.pdb,8FTI.pdb,0.007
8eyu_se2_sa2.pdb,8EYU.pdb,0.003
9cpi_se5_sa3.pdb,9CPI.pdb,0.635
7uim_se1_sa3.pdb,7UIM.pdb,0.042
r1253v1o_se1_sa1.pdb,R1253v1o.pdb,0.120
8x1v_se3_sa2.pdb,8X1V.pdb,0.186
8sa3_se1_sa4.pdb,8SA3.pdb,0.002
r1250o_se3_sa4.pdb,R1250o.pdb,0.002
8hzj_se3_sa2.pdb,8HZJ.pdb,0.038
7xkm_se2_sa1.pdb,7XKM.pdb,0.184
r1283v2_se1_sa4.pdb,R1283v2.pdb,0.169
m1282_se3_sa1.pdb,M1282.pdb,0.055
8hzj_se1_sa3.pdb,8HZJ.pdb,0.021
7vsj_se4_sa0.pdb,7VSJ.pdb,0.088
7yey_se5_sa4.pdb,7YEY.pdb,0.013
m1211_se1_sa0.pdb,M1211.pdb,0.023
8k0p_se4_sa0.pdb,8K0P.pdb,0.002
7yfy_se3_sa3.pdb,7YFY.pdb,0.590
8sa3_se1_sa0.pdb,8SA3.pdb,0.002
7yex_se3_sa3.pdb,7YEX.pdb,0.098
r1281o_se4_sa1.pdb,R1281o.pdb,0.001
m1216_se4_sa3.pdb,M1216.pdb,N/A
8k34_se4_sa0.pdb,8K34.pdb,0.634
7vti_se5_sa2.pdb,7VTI.pdb,0.256
m1296_se1_sa0.pdb,M1296.pdb,0.633
r1250o_se4_sa1.pdb,R1250o.pdb,0.003
8d4b_se2_sa0.pdb,8D4B.pdb,0.244
8d71_se3_sa4.pdb,8D71.pdb,0.838
7yfx_se3_sa3.pdb,7YFX.pdb,0.552
8wcs_se5_sa1.pdb,8WCS.pdb,0.013
7yfx_se1_sa0.pdb,7YFX.pdb,0.487
r1252o_se4_sa3.pdb,R1252o.pdb,0.002
8sj7_se1_sa4.pdb,8SJ7.pdb,0.789
7ygn_se1_sa4.pdb,7YGN.pdb,0.759
8sxl_se3_sa0.pdb,8SXL.pdb,0.953
8sxl_se5_sa0.pdb,8SXL.pdb,0.953
8k34_se1_sa4.pdb,8K34.pdb,0.633
8e29_se3_sa0.pdb,8E29.pdb,0.468
7ygn_se1_sa1.pdb,7YGN.pdb,0.728
8k0p_se3_sa0.pdb,8K0P.pdb,0.001
m1216_se4_sa1.pdb,M1216.pdb,N/A
8fti_se5_sa3.pdb,8FTI.pdb,0.007
m1293_se3_sa0.pdb,M1293.pdb,0.620
r1283v2_se5_sa3.pdb,R1283v2.pdb,0.095
8x1v_se3_sa0.pdb,8X1V.pdb,0.197
m1211_se4_sa1.pdb,M1211.pdb,0.023
r1283v2_se2_sa0.pdb,R1283v2.pdb,0.026
m1216_se2_sa2.pdb,M1216.pdb,N/A
7yex_se5_sa0.pdb,7YEX.pdb,0.111
8sj7_se5_sa2.pdb,8SJ7.pdb,0.766
8k34_se5_sa3.pdb,8K34.pdb,0.435
7vti_se5_sa4.pdb,7VTI.pdb,0.261
7uim_se5_sa0.pdb,7UIM.pdb,0.003
8wu5_se1_sa1.pdb,8WU5.pdb,0.498
8tqx_se2_sa3.pdb,8TQX.pdb,0.776
8sxl_se4_sa0.pdb,8SXL.pdb,0.938
8ud4_se4_sa3.pdb,8UD4.pdb,0.653
8e2a_se4_sa2.pdb,8E2A.pdb,0.112
8sa3_se1_sa2.pdb,8SA3.pdb,0.002
r1253v1o_se2_sa1.pdb,R1253v1o.pdb,0.052
7yey_se3_sa4.pdb,7YEY.pdb,0.014
8d4b_se3_sa3.pdb,8D4B.pdb,0.146
8fti_se3_sa2.pdb,8FTI.pdb,0.007
8sa3_se4_sa2.pdb,8SA3.pdb,0.002
r1252o_se5_sa4.pdb,R1252o.pdb,0.005
7tzr_se3_sa3.pdb,7TZR.pdb,0.006
8sj7_se1_sa3.pdb,8SJ7.pdb,0.760
8thq_se3_sa4.pdb,8THQ.pdb,0.695
7ygn_se5_sa1.pdb,7YGN.pdb,0.287
8hzj_se4_sa0.pdb,8HZJ.pdb,0.023
8hzj_se1_sa1.pdb,8HZJ.pdb,0.038
8kgf_se4_sa1.pdb,8KGF.pdb,0.634
m1276_se4_sa2.pdb,M1276.pdb,N/A
r1281o_se2_sa4.pdb,R1281o.pdb,0.001
8ud4_se4_sa2.pdb,8UD4.pdb,0.658
9cpi_se3_sa3.pdb,9CPI.pdb,0.655
m1211_se3_sa4.pdb,M1211.pdb,0.023
8ud4_se3_sa2.pdb,8UD4.pdb,0.651
m1296_se5_sa3.pdb,M1296.pdb,0.632
8e2a_se1_sa0.pdb,8E2A.pdb,0.030
r1250o_se3_sa0.pdb,R1250o.pdb,0.007
8d49_se1_sa0.pdb,8D49.pdb,0.235
7yfy_se5_sa2.pdb,7YFY.pdb,0.621
9cpi_se4_sa1.pdb,9CPI.pdb,0.636
r1283v3_se3_sa0.pdb,R1283v3.pdb,0.099
7tzr_se5_sa4.pdb,7TZR.pdb,0.009
m1282_se4_sa3.pdb,M1282.pdb,0.014
m1209_se3_sa1.pdb,M1209.pdb,0.497
8tsv_se3_sa1.pdb,8TSV.pdb,0.513
7yey_se4_sa0.pdb,7YEY.pdb,0.013
7yfq_se2_sa3.pdb,7YFQ.pdb,0.598
7yfy_se2_sa4.pdb,7YFY.pdb,0.606
8wu5_se2_sa3.pdb,8WU5.pdb,0.495
r1281o_se2_sa2.pdb,R1281o.pdb,0.195
9cpi_se1_sa0.pdb,9CPI.pdb,0.634
8sj7_se4_sa0.pdb,8SJ7.pdb,0.780
m1276_se4_sa1.pdb,M1276.pdb,N/A
8sxl_se1_sa2.pdb,8SXL.pdb,0.946
8sxl_se1_sa4.pdb,8SXL.pdb,0.936
8sxl_se3_sa1.pdb,8SXL.pdb,0.959
7yfy_se3_sa0.pdb,7YFY.pdb,0.611
m1228v1_se4_sa3.pdb,M1228v1.pdb,N/A
m1209_se5_sa1.pdb,M1209.pdb,0.482
8hzj_se2_sa1.pdb,8HZJ.pdb,0.037
m1293_se3_sa4.pdb,M1293.pdb,0.650
8e29_se4_sa0.pdb,8E29.pdb,0.477
8e29_se4_sa4.pdb,8E29.pdb,0.470
8tsv_se3_sa2.pdb,8TSV.pdb,0.532
8thq_se5_sa0.pdb,8THQ.pdb,0.709
8x1v_se1_sa1.pdb,8X1V.pdb,0.160
r1253v1o_se2_sa0.pdb,R1253v1o.pdb,0.070
8d49_se5_sa2.pdb,8D49.pdb,0.206
r1252o_se3_sa2.pdb,R1252o.pdb,0.004
r1281o_se5_sa4.pdb,R1281o.pdb,0.241
8wu5_se2_sa0.pdb,8WU5.pdb,0.482
m1211_se4_sa0.pdb,M1211.pdb,0.023
8hzj_se2_sa3.pdb,8HZJ.pdb,0.048
8fti_se5_sa2.pdb,8FTI.pdb,0.007
8sj7_se2_sa3.pdb,8SJ7.pdb,0.770
r1250o_se4_sa0.pdb,R1250o.pdb,0.003
7vsj_se4_sa1.pdb,7VSJ.pdb,0.173
m1282_se5_sa4.pdb,M1282.pdb,0.028
8ud4_se5_sa3.pdb,8UD4.pdb,0.651
m1212_se3_sa1.pdb,M1212.pdb,N/A
7yfq_se5_sa3.pdb,7YFQ.pdb,0.604
8hzl_se2_sa1.pdb,8HZL.pdb,0.084
8k0p_se2_sa2.pdb,8K0P.pdb,0.002
8d71_se1_sa1.pdb,8D71.pdb,0.887
8eyu_se5_sa4.pdb,8EYU.pdb,0.007
m1239v1_se3_sa0.pdb,M1239v1.pdb,N/A
8d4b_se2_sa1.pdb,8D4B.pdb,0.218
r1283v2_se5_sa1.pdb,R1283v2.pdb,0.002
8kgf_se3_sa3.pdb,8KGF.pdb,0.572
m1211_se2_sa1.pdb,M1211.pdb,0.023
r1283v3_se3_sa4.pdb,R1283v3.pdb,0.161
8eyu_se1_sa4.pdb,8EYU.pdb,0.003
8x1v_se3_sa1.pdb,8X1V.pdb,0.154
8uo6_se2_sa0.pdb,8UO6.pdb,0.013
8d4b_se4_sa0.pdb,8D4B.pdb,0.345
m1296_se4_sa0.pdb,M1296.pdb,0.632
8e2a_se3_sa0.pdb,8E2A.pdb,0.062
8e29_se3_sa3.pdb,8E29.pdb,0.413
8sxl_se4_sa4.pdb,8SXL.pdb,0.947
m1209_se4_sa4.pdb,M1209.pdb,0.503
m1216_se5_sa0.pdb,M1216.pdb,N/A
8tqx_se4_sa1.pdb,8TQX.pdb,0.779
8d4b_se2_sa3.pdb,8D4B.pdb,0.336
8tqx_se2_sa0.pdb,8TQX.pdb,0.781
8d4b_se4_sa4.pdb,8D4B.pdb,0.312
8d4b_se3_sa2.pdb,8D4B.pdb,0.151
8tsv_se2_sa2.pdb,8TSV.pdb,0.537
8tsv_se1_sa3.pdb,8TSV.pdb,0.538
8ki8_se4_sa2.pdb,8KI8.pdb,0.106
8fti_se1_sa1.pdb,8FTI.pdb,0.010
7xkm_se4_sa2.pdb,7XKM.pdb,0.422
7uim_se3_sa1.pdb,7UIM.pdb,0.008
m1228v1_se5_sa4.pdb,M1228v1.pdb,N/A
8tqx_se5_sa4.pdb,8TQX.pdb,0.777
8tqx_se4_sa4.pdb,8TQX.pdb,0.777
7yfy_se2_sa0.pdb,7YFY.pdb,0.589
r1285o_se4_sa4.pdb,R1285o.pdb,0.002
8ki8_se2_sa4.pdb,8KI8.pdb,0.114
7tzr_se4_sa3.pdb,7TZR.pdb,0.006
m1276_se2_sa3.pdb,M1276.pdb,N/A
8ud4_se3_sa0.pdb,8UD4.pdb,0.651
8k0p_se4_sa4.pdb,8K0P.pdb,0.003
8ud4_se3_sa3.pdb,8UD4.pdb,0.657
8sj7_se5_sa0.pdb,8SJ7.pdb,0.768
m1212_se3_sa2.pdb,M1212.pdb,N/A
8e2a_se5_sa3.pdb,8E2A.pdb,0.105
7ygn_se2_sa3.pdb,7YGN.pdb,0.511
m1239v1_se4_sa2.pdb,M1239v1.pdb,N/A
9cpi_se5_sa4.pdb,9CPI.pdb,0.641
7yey_se2_sa4.pdb,7YEY.pdb,0.013
8tsv_se2_sa3.pdb,8TSV.pdb,0.547
8sa3_se4_sa1.pdb,8SA3.pdb,0.002
7uim_se1_sa2.pdb,7UIM.pdb,0.006
r1285o_se5_sa0.pdb,R1285o.pdb,0.003
7ygn_se4_sa1.pdb,7YGN.pdb,0.288
m1282_se3_sa0.pdb,M1282.pdb,0.056
m1212_se2_sa4.pdb,M1212.pdb,N/A
8ki8_se1_sa2.pdb,8KI8.pdb,0.108
8sj7_se5_sa4.pdb,8SJ7.pdb,0.777
m1276_se2_sa1.pdb,M1276.pdb,N/A
8sxl_se2_sa1.pdb,8SXL.pdb,0.932
8sa3_se5_sa2.pdb,8SA3.pdb,0.131
7vkl_se3_sa4.pdb,7VKL.pdb,0.014
m1228v1_se2_sa3.pdb,M1228v1.pdb,N/A
m1212_se5_sa1.pdb,M1212.pdb,N/A
m1228v1_se3_sa1.pdb,M1228v1.pdb,N/A
7xkm_se5_sa4.pdb,7XKM.pdb,0.403
7vsj_se2_sa2.pdb,7VSJ.pdb,0.072
7vkl_se4_sa0.pdb,7VKL.pdb,0.014
r1252o_se2_sa1.pdb,R1252o.pdb,0.006
m1211_se1_sa1.pdb,M1211.pdb,0.023
8tsv_se1_sa1.pdb,8TSV.pdb,0.539
7ygn_se5_sa3.pdb,7YGN.pdb,0.280
8k34_se5_sa2.pdb,8K34.pdb,0.639
9cpi_se5_sa1.pdb,9CPI.pdb,0.629
r1283v3_se4_sa0.pdb,R1283v3.pdb,0.097
8sj7_se2_sa4.pdb,8SJ7.pdb,0.774
r1283v3_se4_sa2.pdb,R1283v3.pdb,0.051
8eyu_se2_sa1.pdb,8EYU.pdb,0.005
m1211_se5_sa3.pdb,M1211.pdb,0.023
8d49_se1_sa4.pdb,8D49.pdb,0.261
8fti_se1_sa0.pdb,8FTI.pdb,0.006
8thq_se1_sa1.pdb,8THQ.pdb,0.726
r1252o_se4_sa2.pdb,R1252o.pdb,0.003
8sj7_se3_sa2.pdb,8SJ7.pdb,0.757
m1276_se2_sa2.pdb,M1276.pdb,N/A
8fti_se4_sa0.pdb,8FTI.pdb,0.009
m1239v1_se3_sa1.pdb,M1239v1.pdb,N/A
m1293_se1_sa2.pdb,M1293.pdb,0.598
7ygn_se5_sa0.pdb,7YGN.pdb,0.289
8tsv_se1_sa2.pdb,8TSV.pdb,0.547
9cpi_se2_sa4.pdb,9CPI.pdb,0.612
7yfy_se2_sa2.pdb,7YFY.pdb,0.603
8d49_se4_sa3.pdb,8D49.pdb,0.244
8thq_se5_sa3.pdb,8THQ.pdb,0.704
7xkm_se4_sa1.pdb,7XKM.pdb,0.193
7vsj_se5_sa3.pdb,7VSJ.pdb,0.091
8e2a_se2_sa3.pdb,8E2A.pdb,0.043
r1250o_se1_sa4.pdb,R1250o.pdb,0.002
7vsj_se1_sa0.pdb,7VSJ.pdb,0.064
8fti_se1_sa4.pdb,8FTI.pdb,0.012
m1293_se1_sa0.pdb,M1293.pdb,0.637
7yfy_se1_sa0.pdb,7YFY.pdb,0.621
r1252o_se5_sa2.pdb,R1252o.pdb,0.008
8e2a_se4_sa1.pdb,8E2A.pdb,0.019
8x1v_se2_sa2.pdb,8X1V.pdb,0.148
8e2a_se5_sa1.pdb,8E2A.pdb,0.023
r1285o_se3_sa1.pdb,R1285o.pdb,0.001
8eyu_se3_sa2.pdb,8EYU.pdb,0.013
8ki8_se2_sa1.pdb,8KI8.pdb,0.110
m1211_se1_sa4.pdb,M1211.pdb,0.020
r1250o_se1_sa3.pdb,R1250o.pdb,0.006
7vkl_se2_sa3.pdb,7VKL.pdb,0.014
r1253v1o_se4_sa4.pdb,R1253v1o.pdb,0.052
r1252o_se5_sa0.pdb,R1252o.pdb,0.006
7tzr_se5_sa0.pdb,7TZR.pdb,0.006
8thq_se3_sa2.pdb,8THQ.pdb,0.703
7vkl_se4_sa1.pdb,7VKL.pdb,0.014
m1228v1_se4_sa4.pdb,M1228v1.pdb,N/A
7yfy_se4_sa3.pdb,7YFY.pdb,0.597
7yfy_se1_sa4.pdb,7YFY.pdb,0.628
m1276_se3_sa2.pdb,M1276.pdb,N/A
m1282_se2_sa1.pdb,M1282.pdb,0.012
8wcs_se3_sa3.pdb,8WCS.pdb,0.014
8x1v_se5_sa0.pdb,8X1V.pdb,0.195
7yfq_se2_sa0.pdb,7YFQ.pdb,0.614
r1283v2_se2_sa2.pdb,R1283v2.pdb,0.052
8hzj_se1_sa0.pdb,8HZJ.pdb,0.018
r1283v2_se4_sa1.pdb,R1283v2.pdb,0.023
8hzj_se4_sa1.pdb,8HZJ.pdb,0.038
7tzr_se4_sa4.pdb,7TZR.pdb,0.005
7yex_se4_sa2.pdb,7YEX.pdb,0.323
7yfy_se2_sa3.pdb,7YFY.pdb,0.557
8k34_se3_sa3.pdb,8K34.pdb,0.492
7yfq_se1_sa0.pdb,7YFQ.pdb,0.603
9cpi_se2_sa2.pdb,9CPI.pdb,0.631
8ki8_se1_sa0.pdb,8KI8.pdb,0.107
8ki8_se5_sa2.pdb,8KI8.pdb,0.106
r1281o_se1_sa4.pdb,R1281o.pdb,0.276
m1293_se2_sa2.pdb,M1293.pdb,0.653
m1228v1_se2_sa0.pdb,M1228v1.pdb,N/A
8wu5_se1_sa0.pdb,8WU5.pdb,0.516
8wu5_se4_sa1.pdb,8WU5.pdb,0.485
8k0p_se1_sa0.pdb,8K0P.pdb,0.082
8d49_se1_sa3.pdb,8D49.pdb,0.223
8wcs_se4_sa2.pdb,8WCS.pdb,0.018
8ud4_se1_sa2.pdb,8UD4.pdb,0.656
7tzr_se2_sa0.pdb,7TZR.pdb,0.006
8e2a_se4_sa0.pdb,8E2A.pdb,0.061
8hba_se4_sa4.pdb,8HBA.pdb,0.011
8e29_se2_sa2.pdb,8E29.pdb,0.503
m1282_se4_sa2.pdb,M1282.pdb,0.030
r1285o_se5_sa2.pdb,R1285o.pdb,0.002
m1209_se4_sa1.pdb,M1209.pdb,0.487
8ki8_se1_sa3.pdb,8KI8.pdb,0.116
8k34_se4_sa2.pdb,8K34.pdb,0.640
8ki8_se2_sa2.pdb,8KI8.pdb,0.111
8d49_se3_sa2.pdb,8D49.pdb,0.234
7vkl_se5_sa4.pdb,7VKL.pdb,0.014
7yex_se5_sa2.pdb,7YEX.pdb,0.268
8kgf_se4_sa3.pdb,8KGF.pdb,0.613
r1281o_se1_sa1.pdb,R1281o.pdb,0.195
r1285o_se2_sa2.pdb,R1285o.pdb,0.001
m1211_se1_sa3.pdb,M1211.pdb,0.023
8e2a_se1_sa1.pdb,8E2A.pdb,0.047
8tqx_se3_sa0.pdb,8TQX.pdb,0.744
m1239v1_se2_sa2.pdb,M1239v1.pdb,N/A
8id2_se1_sa3.pdb,8ID2.pdb,0.301
r1252o_se1_sa1.pdb,R1252o.pdb,0.003
8hzl_se1_sa3.pdb,8HZL.pdb,0.010
7vsj_se4_sa3.pdb,7VSJ.pdb,0.067
8hzj_se5_sa1.pdb,8HZJ.pdb,0.022
m1239v1_se5_sa0.pdb,M1239v1.pdb,N/A
7yey_se2_sa3.pdb,7YEY.pdb,0.013
7yfq_se5_sa0.pdb,7YFQ.pdb,0.612
r1283v3_se4_sa1.pdb,R1283v3.pdb,0.097
r1285o_se4_sa0.pdb,R1285o.pdb,0.086
m1216_se5_sa3.pdb,M1216.pdb,N/A
8k34_se4_sa4.pdb,8K34.pdb,0.637
7yex_se1_sa1.pdb,7YEX.pdb,0.474
7ygn_se4_sa4.pdb,7YGN.pdb,0.288
7uim_se3_sa4.pdb,7UIM.pdb,0.051
7tzr_se4_sa0.pdb,7TZR.pdb,0.006
m1293_se3_sa3.pdb,M1293.pdb,0.647
8wcs_se2_sa2.pdb,8WCS.pdb,0.014
8kgf_se4_sa2.pdb,8KGF.pdb,0.596
8k0p_se3_sa2.pdb,8K0P.pdb,0.003
8wcs_se4_sa4.pdb,8WCS.pdb,0.017
8tqx_se2_sa4.pdb,8TQX.pdb,0.816
8id2_se2_sa1.pdb,8ID2.pdb,0.287
r1281o_se1_sa0.pdb,R1281o.pdb,0.259
8kgf_se1_sa3.pdb,8KGF.pdb,0.654
8tqx_se4_sa2.pdb,8TQX.pdb,0.777
8d49_se4_sa0.pdb,8D49.pdb,0.198
8hzj_se4_sa4.pdb,8HZJ.pdb,0.035
8hba_se5_sa3.pdb,8HBA.pdb,0.011
7yfx_se4_sa3.pdb,7YFX.pdb,0.181
8x1v_se5_sa2.pdb,8X1V.pdb,0.177
7vsj_se2_sa3.pdb,7VSJ.pdb,0.081
8sa3_se1_sa1.pdb,8SA3.pdb,0.002
8hzl_se4_sa3.pdb,8HZL.pdb,0.020
8tqx_se5_sa0.pdb,8TQX.pdb,0.814
8id2_se5_sa0.pdb,8ID2.pdb,0.282
7tzr_se2_sa4.pdb,7TZR.pdb,0.009
7vkl_se2_sa0.pdb,7VKL.pdb,0.014
m1211_se2_sa3.pdb,M1211.pdb,0.023
7vti_se4_sa0.pdb,7VTI.pdb,0.231
7yfx_se4_sa4.pdb,7YFX.pdb,0.258
r1283v3_se4_sa3.pdb,R1283v3.pdb,0.022
r1283v3_se4_sa4.pdb,R1283v3.pdb,0.122
8k0p_se1_sa1.pdb,8K0P.pdb,0.003
7yey_se3_sa0.pdb,7YEY.pdb,0.013
8d71_se2_sa0.pdb,8D71.pdb,0.889
8k0p_se2_sa4.pdb,8K0P.pdb,0.001
8tqx_se5_sa2.pdb,8TQX.pdb,0.801
8sj7_se3_sa4.pdb,8SJ7.pdb,0.778
8hba_se2_sa4.pdb,8HBA.pdb,0.011
m1211_se3_sa2.pdb,M1211.pdb,0.022
m1211_se5_sa4.pdb,M1211.pdb,0.023
8id2_se2_sa4.pdb,8ID2.pdb,0.301
8wcs_se3_sa2.pdb,8WCS.pdb,0.025
m1282_se4_sa0.pdb,M1282.pdb,0.040
8hzl_se2_sa4.pdb,8HZL.pdb,0.083
7vti_se2_sa1.pdb,7VTI.pdb,0.217
8k0p_se3_sa4.pdb,8K0P.pdb,0.019
8k34_se1_sa3.pdb,8K34.pdb,0.636
8e29_se5_sa4.pdb,8E29.pdb,0.432
7tzr_se3_sa0.pdb,7TZR.pdb,0.005
8k34_se5_sa4.pdb,8K34.pdb,0.627
8d49_se5_sa3.pdb,8D49.pdb,0.226
7tzr_se1_sa0.pdb,7TZR.pdb,0.011
7yex_se1_sa4.pdb,7YEX.pdb,0.381
8hzl_se1_sa2.pdb,8HZL.pdb,0.012
8d71_se2_sa3.pdb,8D71.pdb,0.858
8hzj_se5_sa2.pdb,8HZJ.pdb,0.019
r1253v1o_se2_sa4.pdb,R1253v1o.pdb,0.128
7yex_se1_sa0.pdb,7YEX.pdb,0.528
7yfq_se2_sa1.pdb,7YFQ.pdb,0.619
8wu5_se3_sa1.pdb,8WU5.pdb,0.476
8e2a_se1_sa3.pdb,8E2A.pdb,0.066
m1209_se5_sa3.pdb,M1209.pdb,0.487
7vti_se1_sa3.pdb,7VTI.pdb,0.258
r1283v2_se1_sa2.pdb,R1283v2.pdb,0.003
8tsv_se3_sa0.pdb,8TSV.pdb,0.515
8hba_se1_sa4.pdb,8HBA.pdb,0.005
8sxl_se1_sa3.pdb,8SXL.pdb,0.927
m1276_se1_sa0.pdb,M1276.pdb,N/A
m1296_se2_sa2.pdb,M1296.pdb,0.607
7vti_se4_sa3.pdb,7VTI.pdb,0.280
7xkm_se1_sa0.pdb,7XKM.pdb,0.424
7vsj_se2_sa1.pdb,7VSJ.pdb,0.065
m1209_se4_sa0.pdb,M1209.pdb,0.575
8kgf_se2_sa4.pdb,8KGF.pdb,0.668
r1252o_se2_sa2.pdb,R1252o.pdb,0.002
8d71_se3_sa3.pdb,8D71.pdb,0.854
m1216_se5_sa2.pdb,M1216.pdb,N/A
7tzr_se3_sa2.pdb,7TZR.pdb,0.007
8ud4_se4_sa4.pdb,8UD4.pdb,0.651
8hba_se2_sa3.pdb,8HBA.pdb,0.016
m1282_se1_sa1.pdb,M1282.pdb,0.011
8eyu_se1_sa3.pdb,8EYU.pdb,0.007
8thq_se4_sa1.pdb,8THQ.pdb,0.705
7tzr_se1_sa2.pdb,7TZR.pdb,0.007
7yfx_se4_sa1.pdb,7YFX.pdb,0.180
7vkl_se2_sa4.pdb,7VKL.pdb,0.014
r1283v2_se3_sa1.pdb,R1283v2.pdb,0.005
m1282_se2_sa0.pdb,M1282.pdb,0.014
8d49_se2_sa1.pdb,8D49.pdb,0.219
m1239v1_se4_sa3.pdb,M1239v1.pdb,N/A
8id2_se2_sa2.pdb,8ID2.pdb,0.036
8thq_se2_sa2.pdb,8THQ.pdb,0.692
8ki8_se3_sa4.pdb,8KI8.pdb,0.057
7tzr_se3_sa1.pdb,7TZR.pdb,0.006
8d49_se1_sa2.pdb,8D49.pdb,0.252
8sa3_se3_sa0.pdb,8SA3.pdb,0.002
8e2a_se2_sa0.pdb,8E2A.pdb,0.043
r1283v2_se3_sa4.pdb,R1283v2.pdb,0.064
8wcs_se1_sa1.pdb,8WCS.pdb,0.014
7uim_se1_sa0.pdb,7UIM.pdb,0.013
8d49_se2_sa0.pdb,8D49.pdb,0.175
m1212_se4_sa0.pdb,M1212.pdb,N/A
r1252o_se4_sa4.pdb,R1252o.pdb,0.004
8wcs_se3_sa4.pdb,8WCS.pdb,0.016
7xkm_se4_sa0.pdb,7XKM.pdb,0.386
7vti_se3_sa3.pdb,7VTI.pdb,0.289
7yfx_se5_sa2.pdb,7YFX.pdb,0.476
8thq_se1_sa0.pdb,8THQ.pdb,0.687
r1285o_se1_sa4.pdb,R1285o.pdb,0.002
m1282_se3_sa2.pdb,M1282.pdb,0.012
r1250o_se3_sa1.pdb,R1250o.pdb,0.002
m1239v1_se3_sa4.pdb,M1239v1.pdb,N/A
8k0p_se5_sa1.pdb,8K0P.pdb,0.003
7vkl_se3_sa1.pdb,7VKL.pdb,0.014
8kgf_se5_sa1.pdb,8KGF.pdb,0.610
7xkm_se5_sa2.pdb,7XKM.pdb,0.389
r1253v1o_se4_sa3.pdb,R1253v1o.pdb,0.052
r1252o_se2_sa4.pdb,R1252o.pdb,0.002
9cpi_se4_sa0.pdb,9CPI.pdb,0.637
8d71_se2_sa1.pdb,8D71.pdb,0.858
7tzr_se5_sa3.pdb,7TZR.pdb,0.006
8sj7_se2_sa1.pdb,8SJ7.pdb,0.779
7vti_se5_sa0.pdb,7VTI.pdb,0.256
r1252o_se5_sa3.pdb,R1252o.pdb,0.010
r1283v2_se4_sa2.pdb,R1283v2.pdb,0.002
8d49_se4_sa4.pdb,8D49.pdb,0.231
8wu5_se5_sa2.pdb,8WU5.pdb,0.479
8d71_se1_sa2.pdb,8D71.pdb,0.874
7xkm_se4_sa3.pdb,7XKM.pdb,0.373
8id2_se2_sa0.pdb,8ID2.pdb,0.240
7vti_se3_sa4.pdb,7VTI.pdb,0.263
7yex_se4_sa1.pdb,7YEX.pdb,0.113
8sj7_se2_sa0.pdb,8SJ7.pdb,0.764
7vkl_se1_sa0.pdb,7VKL.pdb,0.014
8hzl_se5_sa0.pdb,8HZL.pdb,0.010
8tsv_se4_sa0.pdb,8TSV.pdb,0.520
m1296_se2_sa3.pdb,M1296.pdb,0.607
8fti_se3_sa4.pdb,8FTI.pdb,0.010
8sj7_se1_sa2.pdb,8SJ7.pdb,0.780
8sj7_se3_sa0.pdb,8SJ7.pdb,0.756
7vti_se1_sa0.pdb,7VTI.pdb,0.197
m1293_se2_sa4.pdb,M1293.pdb,0.618
7vsj_se5_sa0.pdb,7VSJ.pdb,0.086
r1283v3_se3_sa3.pdb,R1283v3.pdb,0.093
7yfq_se3_sa4.pdb,7YFQ.pdb,0.619
7yey_se2_sa0.pdb,7YEY.pdb,0.013
m1216_se5_sa1.pdb,M1216.pdb,N/A
8uo6_se5_sa4.pdb,8UO6.pdb,0.013
m1296_se4_sa2.pdb,M1296.pdb,0.614
7yex_se4_sa4.pdb,7YEX.pdb,0.459
7yey_se4_sa3.pdb,7YEY.pdb,0.013
8ud4_se1_sa3.pdb,8UD4.pdb,0.654
8e29_se1_sa0.pdb,8E29.pdb,0.396
7uim_se1_sa1.pdb,7UIM.pdb,0.022
8fti_se2_sa3.pdb,8FTI.pdb,0.007
7xkm_se5_sa0.pdb,7XKM.pdb,0.194
7yfx_se1_sa4.pdb,7YFX.pdb,0.472
7yfq_se1_sa2.pdb,7YFQ.pdb,0.622
8uo6_se2_sa2.pdb,8UO6.pdb,0.012
8e29_se5_sa3.pdb,8E29.pdb,0.429
8d71_se5_sa2.pdb,8D71.pdb,0.820
r1283v2_se4_sa0.pdb,R1283v2.pdb,0.001
r1250o_se4_sa3.pdb,R1250o.pdb,0.003
8hba_se3_sa3.pdb,8HBA.pdb,0.006
8sj7_se5_sa1.pdb,8SJ7.pdb,0.768
8kgf_se1_sa0.pdb,8KGF.pdb,0.576
m1212_se2_sa3.pdb,M1212.pdb,N/A
8ud4_se5_sa0.pdb,8UD4.pdb,0.691
7xkm_se5_sa1.pdb,7XKM.pdb,0.388
r1281o_se2_sa3.pdb,R1281o.pdb,0.177
8hzl_se4_sa0.pdb,8HZL.pdb,0.016
7yfy_se3_sa2.pdb,7YFY.pdb,0.620
9cpi_se3_sa2.pdb,9CPI.pdb,0.638
8kgf_se3_sa0.pdb,8KGF.pdb,0.553
m1296_se1_sa4.pdb,M1296.pdb,0.648
8e2a_se3_sa4.pdb,8E2A.pdb,0.025
m1282_se4_sa4.pdb,M1282.pdb,0.051
8id2_se4_sa3.pdb,8ID2.pdb,0.202
8x1v_se4_sa2.pdb,8X1V.pdb,0.173
7ygn_se3_sa2.pdb,7YGN.pdb,0.700
r1252o_se1_sa0.pdb,R1252o.pdb,0.003
8tsv_se3_sa4.pdb,8TSV.pdb,0.522
7uim_se3_sa2.pdb,7UIM.pdb,0.019
7tzr_se4_sa1.pdb,7TZR.pdb,0.007
m1282_se5_sa1.pdb,M1282.pdb,0.015
8hzj_se2_sa2.pdb,8HZJ.pdb,0.043
7vti_se4_sa1.pdb,7VTI.pdb,0.247
m1228v1_se3_sa3.pdb,M1228v1.pdb,N/A
8eyu_se4_sa2.pdb,8EYU.pdb,0.023
m1293_se3_sa1.pdb,M1293.pdb,0.637
7xkm_se1_sa1.pdb,7XKM.pdb,0.399
8id2_se3_sa2.pdb,8ID2.pdb,0.314
8ki8_se4_sa1.pdb,8KI8.pdb,0.114
8k0p_se2_sa3.pdb,8K0P.pdb,0.001
m1293_se4_sa0.pdb,M1293.pdb,0.630
8eyu_se1_sa2.pdb,8EYU.pdb,0.003
m1282_se3_sa3.pdb,M1282.pdb,0.021
m1211_se1_sa2.pdb,M1211.pdb,0.023
8sj7_se3_sa1.pdb,8SJ7.pdb,0.766
8kgf_se3_sa1.pdb,8KGF.pdb,0.594
8eyu_se2_sa4.pdb,8EYU.pdb,0.011
9cpi_se4_sa4.pdb,9CPI.pdb,0.629
7yfy_se3_sa4.pdb,7YFY.pdb,0.590
m1216_se1_sa0.pdb,M1216.pdb,N/A
m1239v1_se2_sa1.pdb,M1239v1.pdb,N/A
8thq_se2_sa4.pdb,8THQ.pdb,0.708
7vti_se2_sa2.pdb,7VTI.pdb,0.228
8ud4_se4_sa0.pdb,8UD4.pdb,0.654
8tsv_se1_sa0.pdb,8TSV.pdb,0.532
8sxl_se1_sa0.pdb,8SXL.pdb,0.959
7yfy_se2_sa1.pdb,7YFY.pdb,0.608
9cpi_se5_sa0.pdb,9CPI.pdb,0.642
8tsv_se2_sa4.pdb,8TSV.pdb,0.564
8x1v_se4_sa4.pdb,8X1V.pdb,0.146
8wcs_se5_sa0.pdb,8WCS.pdb,0.012
7uim_se3_sa3.pdb,7UIM.pdb,0.006
8d49_se2_sa3.pdb,8D49.pdb,0.229
m1282_se3_sa4.pdb,M1282.pdb,0.022
8sxl_se5_sa3.pdb,8SXL.pdb,0.965
m1211_se5_sa1.pdb,M1211.pdb,0.023
7uim_se5_sa3.pdb,7UIM.pdb,0.004
8e29_se2_sa0.pdb,8E29.pdb,0.475
8hba_se3_sa4.pdb,8HBA.pdb,0.009
9cpi_se5_sa2.pdb,9CPI.pdb,0.621
8thq_se4_sa4.pdb,8THQ.pdb,0.712
r1283v2_se5_sa4.pdb,R1283v2.pdb,0.002
8id2_se3_sa1.pdb,8ID2.pdb,0.204
7ygn_se3_sa3.pdb,7YGN.pdb,0.701
8sxl_se5_sa1.pdb,8SXL.pdb,0.963
7ygn_se1_sa0.pdb,7YGN.pdb,0.716
m1239v1_se5_sa1.pdb,M1239v1.pdb,N/A
8tsv_se4_sa1.pdb,8TSV.pdb,0.538
7yfy_se4_sa2.pdb,7YFY.pdb,0.588
8uo6_se1_sa2.pdb,8UO6.pdb,0.014
8e2a_se1_sa2.pdb,8E2A.pdb,0.035
m1216_se2_sa1.pdb,M1216.pdb,N/A
8fti_se2_sa0.pdb,8FTI.pdb,0.007
8d71_se1_sa3.pdb,8D71.pdb,0.870
8e29_se5_sa1.pdb,8E29.pdb,0.494
8d4b_se4_sa2.pdb,8D4B.pdb,0.299
m1211_se4_sa3.pdb,M1211.pdb,0.023
m1293_se4_sa2.pdb,M1293.pdb,0.667
8kgf_se1_sa4.pdb,8KGF.pdb,0.361
8sa3_se5_sa1.pdb,8SA3.pdb,0.002
m1282_se4_sa1.pdb,M1282.pdb,0.011
7yfq_se5_sa4.pdb,7YFQ.pdb,0.614
7vti_se1_sa4.pdb,7VTI.pdb,0.217
8hba_se4_sa1.pdb,8HBA.pdb,0.012
r1283v2_se3_sa3.pdb,R1283v2.pdb,0.066
m1239v1_se5_sa4.pdb,M1239v1.pdb,N/A
m1216_se2_sa0.pdb,M1216.pdb,N/A
8fti_se5_sa0.pdb,8FTI.pdb,0.006
8thq_se4_sa2.pdb,8THQ.pdb,0.699
r1252o_se3_sa1.pdb,R1252o.pdb,0.002
7yey_se5_sa2.pdb,7YEY.pdb,0.093
r1252o_se1_sa4.pdb,R1252o.pdb,0.002
8e29_se5_sa0.pdb,8E29.pdb,0.420
8uo6_se3_sa3.pdb,8UO6.pdb,0.011
8thq_se1_sa2.pdb,8THQ.pdb,0.677
7vti_se3_sa0.pdb,7VTI.pdb,0.133
7ygn_se5_sa4.pdb,7YGN.pdb,0.704
8e2a_se4_sa3.pdb,8E2A.pdb,0.060
7uim_se2_sa3.pdb,7UIM.pdb,0.027
8fti_se3_sa3.pdb,8FTI.pdb,0.005
r1281o_se3_sa2.pdb,R1281o.pdb,0.001
7yfx_se2_sa1.pdb,7YFX.pdb,0.367
7yfx_se2_sa4.pdb,7YFX.pdb,0.549
8sj7_se1_sa1.pdb,8SJ7.pdb,0.770
m1209_se4_sa3.pdb,M1209.pdb,0.550
7uim_se4_sa0.pdb,7UIM.pdb,0.007
r1252o_se4_sa1.pdb,R1252o.pdb,0.003
8x1v_se4_sa3.pdb,8X1V.pdb,0.197
7vkl_se5_sa0.pdb,7VKL.pdb,0.014
8k34_se4_sa3.pdb,8K34.pdb,0.638
8d4b_se4_sa3.pdb,8D4B.pdb,0.316
8wcs_se2_sa4.pdb,8WCS.pdb,0.029
8d4b_se5_sa4.pdb,8D4B.pdb,0.213
8d4b_se1_sa0.pdb,8D4B.pdb,0.216
8sj7_se4_sa4.pdb,8SJ7.pdb,0.773
m1212_se3_sa4.pdb,M1212.pdb,N/A
r1281o_se3_sa0.pdb,R1281o.pdb,0.001
m1228v1_se1_sa1.pdb,M1228v1.pdb,N/A
7yex_se1_sa3.pdb,7YEX.pdb,0.321
8fti_se4_sa4.pdb,8FTI.pdb,0.004
7xkm_se1_sa4.pdb,7XKM.pdb,0.190
m1276_se3_sa3.pdb,M1276.pdb,N/A
7vti_se3_sa2.pdb,7VTI.pdb,0.232
8hzl_se1_sa1.pdb,8HZL.pdb,0.020
8ki8_se3_sa1.pdb,8KI8.pdb,0.112
8uo6_se4_sa4.pdb,8UO6.pdb,0.015
8k0p_se5_sa2.pdb,8K0P.pdb,0.001
m1212_se5_sa0.pdb,M1212.pdb,N/A
7xkm_se4_sa4.pdb,7XKM.pdb,0.365
8k0p_se5_sa0.pdb,8K0P.pdb,0.003
r1283v3_se3_sa1.pdb,R1283v3.pdb,0.036
m1209_se4_sa2.pdb,M1209.pdb,0.595
8wcs_se2_sa1.pdb,8WCS.pdb,0.014
r1285o_se3_sa0.pdb,R1285o.pdb,0.002
8wcs_se3_sa1.pdb,8WCS.pdb,0.014
8hzl_se5_sa3.pdb,8HZL.pdb,0.020
8d49_se4_sa2.pdb,8D49.pdb,0.233
8hba_se1_sa1.pdb,8HBA.pdb,0.014
8d49_se3_sa1.pdb,8D49.pdb,0.224
7yey_se3_sa2.pdb,7YEY.pdb,0.013
r1253v1o_se4_sa0.pdb,R1253v1o.pdb,0.060
8uo6_se2_sa3.pdb,8UO6.pdb,0.013
r1281o_se3_sa1.pdb,R1281o.pdb,0.001
m1276_se3_sa1.pdb,M1276.pdb,N/A
m1209_se2_sa4.pdb,M1209.pdb,0.597
8ki8_se1_sa4.pdb,8KI8.pdb,0.109
8ki8_se3_sa3.pdb,8KI8.pdb,0.111
r1283v3_se3_sa2.pdb,R1283v3.pdb,0.096
8tsv_se5_sa0.pdb,8TSV.pdb,0.520
m1293_se5_sa3.pdb,M1293.pdb,0.639
m1296_se4_sa1.pdb,M1296.pdb,0.622
8k34_se2_sa3.pdb,8K34.pdb,0.635
8e29_se3_sa1.pdb,8E29.pdb,0.407
8k34_se4_sa1.pdb,8K34.pdb,0.628
8ud4_se1_sa4.pdb,8UD4.pdb,0.650
7tzr_se4_sa2.pdb,7TZR.pdb,0.007
7tzr_se5_sa1.pdb,7TZR.pdb,0.006
r1252o_se3_sa3.pdb,R1252o.pdb,0.003
m1276_se4_sa4.pdb,M1276.pdb,N/A
7yfy_se5_sa1.pdb,7YFY.pdb,0.608
8x1v_se4_sa1.pdb,8X1V.pdb,0.172
8ki8_se4_sa4.pdb,8KI8.pdb,0.124
8x1v_se2_sa3.pdb,8X1V.pdb,0.182
r1252o_se4_sa0.pdb,R1252o.pdb,0.002
8d49_se3_sa4.pdb,8D49.pdb,0.223
7vkl_se2_sa1.pdb,7VKL.pdb,0.014
8k0p_se1_sa4.pdb,8K0P.pdb,0.006
8wu5_se1_sa3.pdb,8WU5.pdb,0.536
8x1v_se2_sa1.pdb,8X1V.pdb,0.176
7yey_se4_sa4.pdb,7YEY.pdb,0.013
m1216_se1_sa4.pdb,M1216.pdb,N/A
7vkl_se3_sa3.pdb,7VKL.pdb,0.014
7ygn_se3_sa0.pdb,7YGN.pdb,0.507
7yex_se3_sa1.pdb,7YEX.pdb,0.261
8wu5_se1_sa2.pdb,8WU5.pdb,0.478
m1209_se3_sa4.pdb,M1209.pdb,0.489
7tzr_se1_sa3.pdb,7TZR.pdb,0.009
8sj7_se1_sa0.pdb,8SJ7.pdb,0.759
m1211_se5_sa0.pdb,M1211.pdb,0.023
8k34_se5_sa0.pdb,8K34.pdb,0.633
8eyu_se4_sa0.pdb,8EYU.pdb,0.013
r1253v1o_se1_sa4.pdb,R1253v1o.pdb,0.117
8k0p_se2_sa1.pdb,8K0P.pdb,0.005
m1209_se2_sa2.pdb,M1209.pdb,0.486
8uo6_se4_sa3.pdb,8UO6.pdb,0.013
8sj7_se3_sa3.pdb,8SJ7.pdb,0.769
8hba_se2_sa1.pdb,8HBA.pdb,0.008
7uim_se1_sa4.pdb,7UIM.pdb,0.087
7uim_se2_sa2.pdb,7UIM.pdb,0.015
8e2a_se1_sa4.pdb,8E2A.pdb,0.030
8k0p_se5_sa4.pdb,8K0P.pdb,0.001
7yey_se5_sa0.pdb,7YEY.pdb,0.013
8kgf_se5_sa3.pdb,8KGF.pdb,0.653
r1253v1o_se2_sa3.pdb,R1253v1o.pdb,0.065
m1282_se2_sa2.pdb,M1282.pdb,0.036
8eyu_se3_sa1.pdb,8EYU.pdb,0.003
7yfx_se4_sa0.pdb,7YFX.pdb,0.188
8x1v_se4_sa0.pdb,8X1V.pdb,0.203
8id2_se1_sa2.pdb,8ID2.pdb,0.115
7vkl_se5_sa2.pdb,7VKL.pdb,0.014
8d4b_se5_sa3.pdb,8D4B.pdb,0.323
8x1v_se1_sa2.pdb,8X1V.pdb,0.182
8kgf_se4_sa4.pdb,8KGF.pdb,0.658
7xkm_se3_sa0.pdb,7XKM.pdb,0.186
8sa3_se5_sa3.pdb,8SA3.pdb,0.002
7yfq_se3_sa3.pdb,7YFQ.pdb,0.596
7xkm_se3_sa1.pdb,7XKM.pdb,0.179
7vsj_se1_sa3.pdb,7VSJ.pdb,0.121
8tqx_se5_sa3.pdb,8TQX.pdb,0.759
7yfq_se2_sa2.pdb,7YFQ.pdb,0.615
8fti_se1_sa2.pdb,8FTI.pdb,0.024
8k0p_se4_sa3.pdb,8K0P.pdb,0.001
8kgf_se5_sa4.pdb,8KGF.pdb,0.612
8ud4_se3_sa4.pdb,8UD4.pdb,0.652
8wu5_se5_sa0.pdb,8WU5.pdb,0.476
7vti_se5_sa3.pdb,7VTI.pdb,0.265
8e2a_se3_sa1.pdb,8E2A.pdb,0.030
7yfx_se3_sa1.pdb,7YFX.pdb,0.405
8ki8_se2_sa3.pdb,8KI8.pdb,0.107
7yex_se5_sa1.pdb,7YEX.pdb,0.170
8tsv_se5_sa1.pdb,8TSV.pdb,0.556
7vkl_se1_sa4.pdb,7VKL.pdb,0.014
8wu5_se5_sa4.pdb,8WU5.pdb,0.482
7yfy_se5_sa3.pdb,7YFY.pdb,0.615
7uim_se4_sa4.pdb,7UIM.pdb,0.005
7vkl_se4_sa4.pdb,7VKL.pdb,0.014
8sxl_se4_sa1.pdb,8SXL.pdb,0.951
7yey_se1_sa1.pdb,7YEY.pdb,0.013
m1212_se3_sa3.pdb,M1212.pdb,N/A
8wcs_se5_sa4.pdb,8WCS.pdb,0.017
8sa3_se4_sa0.pdb,8SA3.pdb,0.002
7vsj_se5_sa1.pdb,7VSJ.pdb,0.074
8x1v_se5_sa4.pdb,8X1V.pdb,0.173
8uo6_se1_sa4.pdb,8UO6.pdb,0.012
r1253v1o_se3_sa2.pdb,R1253v1o.pdb,0.114
8k0p_se5_sa3.pdb,8K0P.pdb,0.002
8uo6_se4_sa2.pdb,8UO6.pdb,0.013
m1293_se3_sa2.pdb,M1293.pdb,0.546
8hzl_se2_sa3.pdb,8HZL.pdb,0.017
8k34_se2_sa0.pdb,8K34.pdb,0.633
8sxl_se2_sa2.pdb,8SXL.pdb,0.941
8sxl_se1_sa1.pdb,8SXL.pdb,0.946
8tsv_se2_sa1.pdb,8TSV.pdb,0.509
r1281o_se4_sa2.pdb,R1281o.pdb,0.224
8ud4_se4_sa1.pdb,8UD4.pdb,0.653
8e29_se4_sa1.pdb,8E29.pdb,0.454
m1211_se2_sa4.pdb,M1211.pdb,0.023
8tqx_se5_sa1.pdb,8TQX.pdb,0.777
8fti_se3_sa0.pdb,8FTI.pdb,0.018
7tzr_se1_sa4.pdb,7TZR.pdb,0.004
8eyu_se4_sa1.pdb,8EYU.pdb,0.006
r1253v1o_se1_sa0.pdb,R1253v1o.pdb,0.119
8hba_se2_sa0.pdb,8HBA.pdb,0.010
8id2_se5_sa3.pdb,8ID2.pdb,0.220
m1296_se5_sa0.pdb,M1296.pdb,0.608
8hzj_se1_sa4.pdb,8HZJ.pdb,0.020
8k34_se3_sa0.pdb,8K34.pdb,0.640
8eyu_se5_sa2.pdb,8EYU.pdb,0.018
8ud4_se2_sa2.pdb,8UD4.pdb,0.649
m1296_se5_sa1.pdb,M1296.pdb,0.612
7yfy_se5_sa4.pdb,7YFY.pdb,0.612
8thq_se5_sa2.pdb,8THQ.pdb,0.713
8wcs_se4_sa3.pdb,8WCS.pdb,0.013
m1209_se2_sa3.pdb,M1209.pdb,0.503
8thq_se5_sa1.pdb,8THQ.pdb,0.702
7vsj_se4_sa4.pdb,7VSJ.pdb,0.085
7ygn_se4_sa2.pdb,7YGN.pdb,0.291
8tqx_se1_sa0.pdb,8TQX.pdb,0.761
m1296_se5_sa4.pdb,M1296.pdb,0.623
7xkm_se2_sa4.pdb,7XKM.pdb,0.194
8eyu_se2_sa0.pdb,8EYU.pdb,0.005
8k0p_se4_sa1.pdb,8K0P.pdb,0.005
m1216_se1_sa3.pdb,M1216.pdb,N/A
8ki8_se5_sa0.pdb,8KI8.pdb,0.112
7vsj_se3_sa0.pdb,7VSJ.pdb,0.064
8uo6_se2_sa1.pdb,8UO6.pdb,0.012
8id2_se3_sa0.pdb,8ID2.pdb,0.281
7yfx_se2_sa0.pdb,7YFX.pdb,0.421
7yey_se4_sa2.pdb,7YEY.pdb,0.013
8kgf_se2_sa1.pdb,8KGF.pdb,0.577
8wu5_se2_sa4.pdb,8WU5.pdb,0.487
r1253v1o_se4_sa1.pdb,R1253v1o.pdb,0.124
8wcs_se5_sa2.pdb,8WCS.pdb,0.015
8hzl_se4_sa2.pdb,8HZL.pdb,0.007
8sxl_se3_sa3.pdb,8SXL.pdb,0.954
r1253v1o_se3_sa0.pdb,R1253v1o.pdb,0.118
8uo6_se1_sa3.pdb,8UO6.pdb,0.011
8hzl_se4_sa1.pdb,8HZL.pdb,0.009
9cpi_se4_sa3.pdb,9CPI.pdb,0.645
8sxl_se4_sa3.pdb,8SXL.pdb,0.961
m1209_se2_sa1.pdb,M1209.pdb,0.484
8d71_se1_sa4.pdb,8D71.pdb,0.846
7yex_se3_sa4.pdb,7YEX.pdb,0.090
8tqx_se3_sa4.pdb,8TQX.pdb,0.788
8kgf_se2_sa2.pdb,8KGF.pdb,0.596
8id2_se5_sa4.pdb,8ID2.pdb,0.238
m1228v1_se5_sa1.pdb,M1228v1.pdb,N/A
7xkm_se5_sa3.pdb,7XKM.pdb,0.193
7vsj_se5_sa2.pdb,7VSJ.pdb,0.065
8sxl_se3_sa2.pdb,8SXL.pdb,0.962
8hzl_se5_sa1.pdb,8HZL.pdb,0.083
8hzl_se4_sa4.pdb,8HZL.pdb,0.008
8ud4_se3_sa1.pdb,8UD4.pdb,0.654
8k34_se2_sa1.pdb,8K34.pdb,0.639
7yfx_se1_sa1.pdb,7YFX.pdb,0.481
m1216_se3_sa3.pdb,M1216.pdb,N/A
8tqx_se2_sa1.pdb,8TQX.pdb,0.761
8hzj_se5_sa3.pdb,8HZJ.pdb,0.030
m1282_se2_sa4.pdb,M1282.pdb,0.060
m1293_se1_sa3.pdb,M1293.pdb,0.552
8wcs_se2_sa3.pdb,8WCS.pdb,0.015
8eyu_se3_sa0.pdb,8EYU.pdb,0.003
7yfq_se3_sa2.pdb,7YFQ.pdb,0.621
8uo6_se5_sa1.pdb,8UO6.pdb,0.013
8sxl_se4_sa2.pdb,8SXL.pdb,0.952
8hzj_se2_sa0.pdb,8HZJ.pdb,0.044
8tqx_se4_sa0.pdb,8TQX.pdb,0.814
8wcs_se4_sa1.pdb,8WCS.pdb,0.018
m1296_se2_sa4.pdb,M1296.pdb,0.612
r1281o_se3_sa4.pdb,R1281o.pdb,0.001
7ygn_se1_sa2.pdb,7YGN.pdb,0.505
8d71_se1_sa0.pdb,8D71.pdb,0.867
7yey_se1_sa0.pdb,7YEY.pdb,0.013
7yfx_se5_sa3.pdb,7YFX.pdb,0.179
7yey_se5_sa1.pdb,7YEY.pdb,0.013
8e2a_se3_sa3.pdb,8E2A.pdb,0.024
8d49_se4_sa1.pdb,8D49.pdb,0.179
8e29_se3_sa2.pdb,8E29.pdb,0.490
8kgf_se2_sa3.pdb,8KGF.pdb,0.665
8k34_se1_sa1.pdb,8K34.pdb,0.638
7vkl_se5_sa1.pdb,7VKL.pdb,0.014
m1209_se2_sa0.pdb,M1209.pdb,0.565
7yfq_se4_sa2.pdb,7YFQ.pdb,0.619
7yey_se5_sa3.pdb,7YEY.pdb,0.013
8uo6_se5_sa3.pdb,8UO6.pdb,0.012
7yex_se2_sa4.pdb,7YEX.pdb,0.112
8wcs_se1_sa2.pdb,8WCS.pdb,0.012
7yfq_se1_sa3.pdb,7YFQ.pdb,0.638
7tzr_se3_sa4.pdb,7TZR.pdb,0.005
r1283v2_se5_sa2.pdb,R1283v2.pdb,0.051
8thq_se1_sa3.pdb,8THQ.pdb,0.687
8sxl_se2_sa4.pdb,8SXL.pdb,0.968
m1293_se2_sa1.pdb,M1293.pdb,0.534
8kgf_se3_sa2.pdb,8KGF.pdb,0.577
8x1v_se2_sa0.pdb,8X1V.pdb,0.164
9cpi_se1_sa3.pdb,9CPI.pdb,0.617
7vti_se3_sa1.pdb,7VTI.pdb,0.294
m1293_se1_sa4.pdb,M1293.pdb,0.543
8d71_se3_sa1.pdb,8D71.pdb,0.869
r1281o_se3_sa3.pdb,R1281o.pdb,0.001
8d49_se5_sa4.pdb,8D49.pdb,0.250
8sxl_se5_sa2.pdb,8SXL.pdb,0.941
m1239v1_se5_sa2.pdb,M1239v1.pdb,N/A
8k0p_se1_sa3.pdb,8K0P.pdb,0.005
8d71_se2_sa4.pdb,8D71.pdb,0.881
r1283v2_se1_sa0.pdb,R1283v2.pdb,0.026
8uo6_se2_sa4.pdb,8UO6.pdb,0.011
7uim_se2_sa1.pdb,7UIM.pdb,0.013
8tsv_se4_sa3.pdb,8TSV.pdb,0.537
8thq_se2_sa0.pdb,8THQ.pdb,0.713
8ki8_se5_sa3.pdb,8KI8.pdb,0.110
8ki8_se5_sa4.pdb,8KI8.pdb,0.093
8tsv_se1_sa4.pdb,8TSV.pdb,0.534
7xkm_se1_sa2.pdb,7XKM.pdb,0.397
8k34_se2_sa2.pdb,8K34.pdb,0.637
m1209_se3_sa2.pdb,M1209.pdb,0.581
8e2a_se2_sa1.pdb,8E2A.pdb,0.026
8x1v_se1_sa4.pdb,8X1V.pdb,0.182
9cpi_se2_sa0.pdb,9CPI.pdb,0.641
8d71_se4_sa3.pdb,8D71.pdb,0.878
8uo6_se3_sa2.pdb,8UO6.pdb,0.009
8hzj_se3_sa1.pdb,8HZJ.pdb,0.008
8thq_se4_sa3.pdb,8THQ.pdb,0.729
m1216_se3_sa0.pdb,M1216.pdb,N/A
7uim_se4_sa2.pdb,7UIM.pdb,0.029
m1212_se4_sa1.pdb,M1212.pdb,N/A
m1296_se1_sa3.pdb,M1296.pdb,0.596
8ud4_se1_sa1.pdb,8UD4.pdb,0.656
m1239v1_se2_sa3.pdb,M1239v1.pdb,N/A
r1285o_se3_sa4.pdb,R1285o.pdb,0.145
7vkl_se3_sa0.pdb,7VKL.pdb,0.014
7yfx_se3_sa2.pdb,7YFX.pdb,0.312
m1296_se4_sa4.pdb,M1296.pdb,0.628
8k34_se3_sa2.pdb,8K34.pdb,0.639
m1293_se1_sa1.pdb,M1293.pdb,0.585
7vsj_se3_sa4.pdb,7VSJ.pdb,0.089
7vkl_se1_sa3.pdb,7VKL.pdb,0.014
9cpi_se3_sa0.pdb,9CPI.pdb,0.649
m1228v1_se5_sa3.pdb,M1228v1.pdb,N/A
8thq_se2_sa3.pdb,8THQ.pdb,0.707
8eyu_se1_sa0.pdb,8EYU.pdb,0.011
8hba_se1_sa0.pdb,8HBA.pdb,0.010
r1252o_se1_sa3.pdb,R1252o.pdb,0.003
m1209_se5_sa0.pdb,M1209.pdb,0.480
8d4b_se3_sa4.pdb,8D4B.pdb,0.167
7yfy_se1_sa3.pdb,7YFY.pdb,0.592
m1282_se5_sa3.pdb,M1282.pdb,0.011
8hzl_se3_sa2.pdb,8HZL.pdb,0.010
8sj7_se4_sa2.pdb,8SJ7.pdb,0.767
7vti_se2_sa3.pdb,7VTI.pdb,0.224
8thq_se5_sa4.pdb,8THQ.pdb,0.683
m1293_se2_sa0.pdb,M1293.pdb,0.628
7vsj_se4_sa2.pdb,7VSJ.pdb,0.063
m1296_se1_sa1.pdb,M1296.pdb,0.641
8e29_se2_sa1.pdb,8E29.pdb,0.469
8ud4_se2_sa3.pdb,8UD4.pdb,0.655
m1211_se4_sa4.pdb,M1211.pdb,0.023
8eyu_se5_sa0.pdb,8EYU.pdb,0.008
7xkm_se2_sa2.pdb,7XKM.pdb,0.199
8sj7_se5_sa3.pdb,8SJ7.pdb,0.748
8eyu_se3_sa3.pdb,8EYU.pdb,0.013
8d4b_se1_sa1.pdb,8D4B.pdb,0.257
m1209_se3_sa3.pdb,M1209.pdb,0.568
8sa3_se2_sa3.pdb,8SA3.pdb,0.201
8hba_se3_sa1.pdb,8HBA.pdb,0.009
m1296_se2_sa1.pdb,M1296.pdb,0.612
7vsj_se1_sa4.pdb,7VSJ.pdb,0.096
9cpi_se1_sa2.pdb,9CPI.pdb,0.622
7yfq_se1_sa4.pdb,7YFQ.pdb,0.638
8wcs_se4_sa0.pdb,8WCS.pdb,0.020
7yex_se2_sa1.pdb,7YEX.pdb,0.519
8tqx_se2_sa2.pdb,8TQX.pdb,0.758
7ygn_se2_sa2.pdb,7YGN.pdb,0.286
8wu5_se2_sa2.pdb,8WU5.pdb,0.504
8tqx_se3_sa1.pdb,8TQX.pdb,0.773
m1216_se5_sa4.pdb,M1216.pdb,N/A
8tsv_se2_sa0.pdb,8TSV.pdb,0.525
8d4b_se1_sa3.pdb,8D4B.pdb,0.224
8sa3_se2_sa2.pdb,8SA3.pdb,0.002
8wu5_se4_sa3.pdb,8WU5.pdb,0.503
7yfq_se3_sa1.pdb,7YFQ.pdb,0.627
8tsv_se4_sa2.pdb,8TSV.pdb,0.516
r1283v2_se3_sa0.pdb,R1283v2.pdb,0.048
7yfx_se2_sa3.pdb,7YFX.pdb,0.522
8hzj_se4_sa2.pdb,8HZJ.pdb,0.039
r1285o_se2_sa0.pdb,R1285o.pdb,0.002
8tqx_se1_sa2.pdb,8TQX.pdb,0.773
8fti_se2_sa2.pdb,8FTI.pdb,0.004
7yfx_se3_sa0.pdb,7YFX.pdb,0.385
8fti_se5_sa4.pdb,8FTI.pdb,0.026
8id2_se5_sa2.pdb,8ID2.pdb,0.224
r1283v2_se2_sa1.pdb,R1283v2.pdb,0.104
7uim_se4_sa3.pdb,7UIM.pdb,0.006
8hzj_se2_sa4.pdb,8HZJ.pdb,0.034
7yex_se3_sa0.pdb,7YEX.pdb,0.486
8d49_se2_sa2.pdb,8D49.pdb,0.174
m1211_se3_sa0.pdb,M1211.pdb,0.020
7yfq_se4_sa1.pdb,7YFQ.pdb,0.625
7vsj_se3_sa2.pdb,7VSJ.pdb,0.089
8thq_se3_sa0.pdb,8THQ.pdb,0.703
8d4b_se1_sa2.pdb,8D4B.pdb,0.236
8eyu_se4_sa3.pdb,8EYU.pdb,0.004
8id2_se3_sa3.pdb,8ID2.pdb,0.193
8hzj_se3_sa4.pdb,8HZJ.pdb,0.025
m1228v1_se2_sa4.pdb,M1228v1.pdb,N/A
8d71_se5_sa3.pdb,8D71.pdb,0.875
7yey_se1_sa3.pdb,7YEY.pdb,0.013
m1228v1_se1_sa2.pdb,M1228v1.pdb,N/A
8hba_se2_sa2.pdb,8HBA.pdb,0.007
8fti_se1_sa3.pdb,8FTI.pdb,0.021
m1239v1_se1_sa4.pdb,M1239v1.pdb,N/A
9cpi_se3_sa1.pdb,9CPI.pdb,0.655
8d71_se5_sa1.pdb,8D71.pdb,0.858
m1216_se3_sa1.pdb,M1216.pdb,N/A
8hba_se3_sa0.pdb,8HBA.pdb,0.010
m1276_se2_sa4.pdb,M1276.pdb,N/A
9cpi_se1_sa4.pdb,9CPI.pdb,0.647
8ki8_se2_sa0.pdb,8KI8.pdb,0.119
8tqx_se4_sa3.pdb,8TQX.pdb,0.780
7yfx_se2_sa2.pdb,7YFX.pdb,0.534
7yfy_se5_sa0.pdb,7YFY.pdb,0.606
m1296_se4_sa3.pdb,M1296.pdb,0.670
7ygn_se2_sa4.pdb,7YGN.pdb,0.287
m1296_se2_sa0.pdb,M1296.pdb,0.684
8wu5_se3_sa3.pdb,8WU5.pdb,0.480
7vti_se2_sa4.pdb,7VTI.pdb,0.244
m1282_se5_sa0.pdb,M1282.pdb,0.010
8d71_se5_sa4.pdb,8D71.pdb,0.850
r1283v2_se1_sa3.pdb,R1283v2.pdb,0.004
r1250o_se4_sa2.pdb,R1250o.pdb,0.004
m1293_se5_sa0.pdb,M1293.pdb,0.615
9cpi_se4_sa2.pdb,9CPI.pdb,0.620
m1212_se3_sa0.pdb,M1212.pdb,N/A
8kgf_se5_sa2.pdb,8KGF.pdb,0.567
9cpi_se1_sa1.pdb,9CPI.pdb,0.639
8x1v_se3_sa4.pdb,8X1V.pdb,0.166
m1293_se5_sa4.pdb,M1293.pdb,0.611
8id2_se1_sa1.pdb,8ID2.pdb,0.215
7vti_se4_sa2.pdb,7VTI.pdb,0.247
m1209_se1_sa0.pdb,M1209.pdb,0.597
8d4b_se2_sa4.pdb,8D4B.pdb,0.218
7ygn_se2_sa1.pdb,7YGN.pdb,0.540
m1209_se1_sa4.pdb,M1209.pdb,0.599
8thq_se3_sa3.pdb,8THQ.pdb,0.686
m1239v1_se4_sa0.pdb,M1239v1.pdb,N/A
8eyu_se3_sa4.pdb,8EYU.pdb,0.003
8d71_se4_sa2.pdb,8D71.pdb,0.879
m1276_se4_sa0.pdb,M1276.pdb,N/A
r1285o_se3_sa3.pdb,R1285o.pdb,0.001
r1250o_se4_sa4.pdb,R1250o.pdb,0.003
r1281o_se4_sa0.pdb,R1281o.pdb,0.001
m1276_se2_sa0.pdb,M1276.pdb,N/A
r1250o_se1_sa1.pdb,R1250o.pdb,0.003
8id2_se4_sa4.pdb,8ID2.pdb,0.207
m1211_se4_sa2.pdb,M1211.pdb,0.023
r1281o_se1_sa3.pdb,R1281o.pdb,0.001
8wu5_se3_sa0.pdb,8WU5.pdb,0.479
8d4b_se3_sa0.pdb,8D4B.pdb,0.161
r1283v2_se5_sa0.pdb,R1283v2.pdb,0.025
7vkl_se4_sa2.pdb,7VKL.pdb,0.014
8k34_se1_sa0.pdb,8K34.pdb,0.627
8d71_se4_sa1.pdb,8D71.pdb,0.846
m1228v1_se1_sa0.pdb,M1228v1.pdb,N/A
8e2a_se5_sa2.pdb,8E2A.pdb,0.058
7yex_se1_sa2.pdb,7YEX.pdb,0.539
8kgf_se1_sa2.pdb,8KGF.pdb,0.610
8k0p_se1_sa2.pdb,8K0P.pdb,0.002
7vkl_se5_sa3.pdb,7VKL.pdb,0.014
r1281o_se5_sa3.pdb,R1281o.pdb,0.247
m1228v1_se1_sa3.pdb,M1228v1.pdb,N/A
m1216_se4_sa4.pdb,M1216.pdb,N/A
m1239v1_se5_sa3.pdb,M1239v1.pdb,N/A
8tqx_se3_sa3.pdb,8TQX.pdb,0.809
m1228v1_se4_sa1.pdb,M1228v1.pdb,N/A
7tzr_se5_sa2.pdb,7TZR.pdb,0.006
r1250o_se1_sa2.pdb,R1250o.pdb,0.007
7vkl_se1_sa2.pdb,7VKL.pdb,0.014
8d4b_se5_sa0.pdb,8D4B.pdb,0.184
8id2_se3_sa4.pdb,8ID2.pdb,0.204
8x1v_se2_sa4.pdb,8X1V.pdb,0.164
m1239v1_se1_sa2.pdb,M1239v1.pdb,N/A
m1228v1_se4_sa2.pdb,M1228v1.pdb,N/A
7yfy_se4_sa1.pdb,7YFY.pdb,0.547
m1296_se3_sa2.pdb,M1296.pdb,0.612
8uo6_se5_sa2.pdb,8UO6.pdb,0.014
r1281o_se2_sa0.pdb,R1281o.pdb,0.001
8eyu_se5_sa1.pdb,8EYU.pdb,0.014
8hzl_se1_sa0.pdb,8HZL.pdb,0.015
8k0p_se4_sa2.pdb,8K0P.pdb,0.003
8thq_se3_sa1.pdb,8THQ.pdb,0.707
8sxl_se2_sa3.pdb,8SXL.pdb,0.943
m1212_se5_sa4.pdb,M1212.pdb,N/A
m1282_se1_sa3.pdb,M1282.pdb,0.056
m1228v1_se3_sa4.pdb,M1228v1.pdb,N/A
8d4b_se4_sa1.pdb,8D4B.pdb,0.312
m1228v1_se5_sa2.pdb,M1228v1.pdb,N/A
8id2_se1_sa0.pdb,8ID2.pdb,0.253
7yey_se2_sa2.pdb,7YEY.pdb,0.013
7yex_se2_sa2.pdb,7YEX.pdb,0.256
m1211_se2_sa0.pdb,M1211.pdb,0.023
8wcs_se1_sa4.pdb,8WCS.pdb,0.012
8ud4_se5_sa1.pdb,8UD4.pdb,0.649
8hba_se1_sa3.pdb,8HBA.pdb,0.013
8hba_se4_sa0.pdb,8HBA.pdb,0.011
8tsv_se5_sa3.pdb,8TSV.pdb,0.533
m1239v1_se4_sa1.pdb,M1239v1.pdb,N/A
r1252o_se3_sa0.pdb,R1252o.pdb,0.002
m1276_se1_sa4.pdb,M1276.pdb,N/A
8uo6_se1_sa1.pdb,8UO6.pdb,0.011
r1283v2_se4_sa4.pdb,R1283v2.pdb,0.052
m1296_se3_sa4.pdb,M1296.pdb,0.616
r1250o_se3_sa3.pdb,R1250o.pdb,0.003
r1281o_se1_sa2.pdb,R1281o.pdb,0.183
7xkm_se3_sa2.pdb,7XKM.pdb,0.406
8e2a_se4_sa4.pdb,8E2A.pdb,0.018
8ud4_se5_sa4.pdb,8UD4.pdb,0.650
8wu5_se2_sa1.pdb,8WU5.pdb,0.481
8tqx_se1_sa3.pdb,8TQX.pdb,0.757
8d49_se5_sa0.pdb,8D49.pdb,0.130
m1228v1_se3_sa2.pdb,M1228v1.pdb,N/A
8id2_se5_sa1.pdb,8ID2.pdb,0.258
m1212_se4_sa2.pdb,M1212.pdb,N/A
m1216_se4_sa2.pdb,M1216.pdb,N/A
8tsv_se4_sa4.pdb,8TSV.pdb,0.541
8sa3_se2_sa0.pdb,8SA3.pdb,0.198
8sxl_se3_sa4.pdb,8SXL.pdb,0.953
7vsj_se2_sa4.pdb,7VSJ.pdb,0.178
8sa3_se3_sa4.pdb,8SA3.pdb,0.002
8eyu_se2_sa3.pdb,8EYU.pdb,0.003
7ygn_se5_sa2.pdb,7YGN.pdb,0.290
7ygn_se4_sa3.pdb,7YGN.pdb,0.287
8tqx_se1_sa1.pdb,8TQX.pdb,0.780
r1252o_se2_sa0.pdb,R1252o.pdb,0.006
8hzl_se2_sa2.pdb,8HZL.pdb,0.011
8sa3_se5_sa4.pdb,8SA3.pdb,0.002
7vsj_se1_sa2.pdb,7VSJ.pdb,0.083
8sj7_se4_sa3.pdb,8SJ7.pdb,0.775
m1212_se2_sa0.pdb,M1212.pdb,N/A
