Predicted_PDB,Reference_ID,TM_Score
7umc_se5_sa1.pdb,7UMC,0.43502
r1242_se4_sa1.pdb,R1242,0.19239
8tvz_se4_sa3.pdb,8TVZ,0.14853
8bm6_se3_sa0.pdb,8BM6,0.63385
8fcs_se5_sa4.pdb,8FCS,0.83642
8bwt_se2_sa4.pdb,8BWT,0.68542
8edp_se5_sa2.pdb,8EDP,0.33843
8k15_se4_sa2.pdb,8K15,0.19832
8k15_se1_sa0.pdb,8K15,0.14386
9eow_se1_sa3.pdb,9EOW,0.81154
r1255_se1_sa4.pdb,R1255,0.39253
8upt_se4_sa3.pdb,8UPT,0.83484
r1205_se1_sa1.pdb,R1205,0.38983
8its_se5_sa3.pdb,8ITS,0.44551
r1263_se5_sa0.pdb,R1263,0.52870
9bun_se3_sa4.pdb,9BUN,0.37124
8qo4_se3_sa0.pdb,8QO4,0.44898
7uga_se5_sa4.pdb,7UGA,0.67413
r1288_se5_sa2.pdb,R1288,0.50462
8tvz_se1_sa2.pdb,8TVZ,0.17171
r1241_se4_sa0.pdb,R1241,0.35761
8i44_se4_sa0.pdb,8I44,0.53134
r1296_se1_sa1.pdb,R1296,0.40421
8fcs_se2_sa2.pdb,8FCS,0.81768
r1251_se1_sa1.pdb,R1251,0.12497
r1241_se2_sa1.pdb,R1241,0.35212
7sxp_se4_sa2.pdb,7SXP,0.23223
r1262_se1_sa2.pdb,R1262,0.84165
8qo3_se3_sa4.pdb,8QO3,0.65736
7umc_se1_sa1.pdb,7UMC,0.52438
r1263_se5_sa1.pdb,R1263,0.49744
r1271_se5_sa3.pdb,R1271,0.85993
r1285_se1_sa4.pdb,R1285,0.33682
r1271_se4_sa3.pdb,R1271,0.85803
r1293_se1_sa0.pdb,R1293,0.53212
8bwt_se1_sa4.pdb,8BWT,0.78723
9bun_se4_sa3.pdb,9BUN,0.41743
8bu8_se3_sa1.pdb,8BU8,0.16451
r1285_se1_sa1.pdb,R1285,0.32554
r1293_se3_sa0.pdb,R1293,0.59265
r1248_se4_sa1.pdb,R1248,0.25432
8vt5_se5_sa4.pdb,8VT5,0.91441
8bu8_se1_sa0.pdb,8BU8,0.14979
7wia_se3_sa3.pdb,7WIA,0.56890
7qdu_se1_sa0.pdb,7QDU,0.34405
8vpv_se5_sa2.pdb,8VPV,0.49037
8sch_se2_sa0.pdb,8SCH,0.40097
r1293_se4_sa4.pdb,R1293,0.45139
7shx_se3_sa3.pdb,7SHX,0.27265
r1205_se1_sa4.pdb,R1205,0.44571
r1212_se4_sa3.pdb,R1212,0.25357
r1254_se5_sa0.pdb,R1254,0.17120
r1286_se4_sa3.pdb,R1286,0.11054
r1242_se2_sa2.pdb,R1242,0.23199
7sxp_se5_sa0.pdb,7SXP,0.20725
9bun_se5_sa4.pdb,9BUN,0.41237
8bm6_se3_sa2.pdb,8BM6,0.63906
8btz_se4_sa3.pdb,8BTZ,0.25247
r1288_se2_sa4.pdb,R1288,0.52581
8jhp_se3_sa2.pdb,8JHP,0.63372
8cq1_se2_sa2.pdb,8CQ1,0.82174
r1281_se2_sa0.pdb,R1281,0.22347
8tju_se2_sa2.pdb,8TJU,0.31137
r1296_se2_sa4.pdb,R1296,0.40336
8v1i_se1_sa2.pdb,8V1I,0.88835
r1242_se3_sa2.pdb,R1242,0.21599
r1264_se1_sa2.pdb,R1264,0.46378
8qo3_se1_sa2.pdb,8QO3,0.54502
8v1h_se2_sa2.pdb,8V1H,0.82302
8i44_se1_sa0.pdb,8I44,0.52085
r1256_se5_sa3.pdb,R1256,0.28586
8sch_se4_sa1.pdb,8SCH,0.40681
8cq1_se4_sa4.pdb,8CQ1,0.80199
8qo3_se4_sa1.pdb,8QO3,0.60525
8qo3_se5_sa0.pdb,8QO3,0.47965
8vci_se2_sa4.pdb,8VCI,0.31291
7v06_se3_sa0.pdb,7V06,0.74793
8clr_se3_sa0.pdb,8CLR,0.90549
8tvz_se4_sa0.pdb,8TVZ,0.20073
r1242_se1_sa0.pdb,R1242,0.24559
8i44_se3_sa3.pdb,8I44,0.52795
8edp_se1_sa2.pdb,8EDP,0.28270
r1264_se5_sa3.pdb,R1264,0.46556
r1212_se5_sa4.pdb,R1212,0.30315
7umc_se1_sa4.pdb,7UMC,0.38597
9bun_se5_sa2.pdb,9BUN,0.41304
r1271_se1_sa1.pdb,R1271,0.86102
r1286_se3_sa4.pdb,R1286,0.14681
r1256_se3_sa2.pdb,R1256,0.30919
r1281_se2_sa2.pdb,R1281,0.12046
8vpv_se5_sa1.pdb,8VPV,0.51861
8tvz_se2_sa3.pdb,8TVZ,0.21101
9bun_se2_sa3.pdb,9BUN,0.43850
8v1i_se1_sa0.pdb,8V1I,0.85788
8uys_se2_sa4.pdb,8UYS,0.41171
8v1i_se3_sa3.pdb,8V1I,0.84442
r1262_se5_sa1.pdb,R1262,0.80583
8tvz_se5_sa2.pdb,8TVZ,0.15097
7umc_se4_sa4.pdb,7UMC,0.43686
7shx_se2_sa4.pdb,7SHX,0.28461
7umd_se5_sa1.pdb,7UMD,0.61816
8tju_se3_sa0.pdb,8TJU,0.28462
r1288_se4_sa3.pdb,R1288,0.53800
8bm6_se4_sa1.pdb,8BM6,0.62427
r1293_se5_sa4.pdb,R1293,0.44960
8jhp_se1_sa4.pdb,8JHP,0.73774
r1248_se4_sa2.pdb,R1248,0.26060
7q48_se1_sa1.pdb,7Q48,0.31439
7wia_se5_sa2.pdb,7WIA,0.48278
8i44_se5_sa3.pdb,8I44,0.51894
r1271_se3_sa0.pdb,R1271,0.86771
8cq1_se1_sa0.pdb,8CQ1,0.80823
8k15_se3_sa1.pdb,8K15,0.19303
7zj5_se1_sa1.pdb,7ZJ5,0.24652
8edp_se1_sa3.pdb,8EDP,0.33771
r1263_se5_sa2.pdb,R1263,0.53327
8fcs_se3_sa2.pdb,8FCS,0.83966
r1203_se3_sa0.pdb,R1203,0.57553
8tvz_se1_sa3.pdb,8TVZ,0.15666
8edp_se4_sa1.pdb,8EDP,0.36634
8bwt_se2_sa3.pdb,8BWT,0.74755
8qo3_se3_sa0.pdb,8QO3,0.56774
r1288_se5_sa0.pdb,R1288,0.58916
r1254_se2_sa3.pdb,R1254,0.23153
r1205_se3_sa3.pdb,R1205,0.44996
8vpv_se2_sa3.pdb,8VPV,0.50018
8uys_se2_sa3.pdb,8UYS,0.41351
r1255_se4_sa4.pdb,R1255,0.43537
r1203_se1_sa2.pdb,R1203,0.56757
r1205_se3_sa4.pdb,R1205,0.48484
8tju_se4_sa1.pdb,8TJU,0.32507
8jhp_se4_sa4.pdb,8JHP,0.75654
7ume_se5_sa2.pdb,7UME,0.85174
r1255_se3_sa0.pdb,R1255,0.43587
r1262_se4_sa4.pdb,R1262,0.84223
8bm6_se2_sa4.pdb,8BM6,0.65622
8tns_se1_sa2.pdb,8TNS,0.36023
8btz_se5_sa2.pdb,8BTZ,0.22332
7wia_se3_sa1.pdb,7WIA,0.47971
r1211_se2_sa3.pdb,R1211,0.54044
8wa4_se1_sa1.pdb,8WA4,0.88052
r1211_se2_sa1.pdb,R1211,0.53075
9eow_se4_sa0.pdb,9EOW,0.76278
8vt5_se5_sa3.pdb,8VT5,0.92899
8jhp_se4_sa1.pdb,8JHP,0.69550
8clr_se5_sa2.pdb,8CLR,0.96694
r1296_se3_sa4.pdb,R1296,0.45870
8bwt_se1_sa0.pdb,8BWT,0.76781
r1264_se1_sa3.pdb,R1264,0.49178
r1242_se1_sa2.pdb,R1242,0.24300
r1285_se4_sa1.pdb,R1285,0.35425
7sxp_se3_sa0.pdb,7SXP,0.25012
7q48_se5_sa2.pdb,7Q48,0.30962
r1256_se4_sa0.pdb,R1256,0.28305
r1242_se4_sa2.pdb,R1242,0.20542
r1293_se5_sa1.pdb,R1293,0.58347
r1288_se1_sa0.pdb,R1288,0.54480
r1254_se4_sa4.pdb,R1254,0.16264
8edp_se3_sa3.pdb,8EDP,0.27978
r1288_se1_sa4.pdb,R1288,0.49863
r1252_se3_sa4.pdb,R1252,0.15762
r1262_se4_sa3.pdb,R1262,0.84752
7umc_se5_sa4.pdb,7UMC,0.58061
r1212_se1_sa3.pdb,R1212,0.34929
7wia_se1_sa2.pdb,7WIA,0.49991
8qo2_se3_sa1.pdb,8QO2,0.41141
r1203_se2_sa4.pdb,R1203,0.58492
r1271_se2_sa1.pdb,R1271,0.86131
r1252_se4_sa2.pdb,R1252,0.13643
8wa4_se3_sa2.pdb,8WA4,0.83809
8vt5_se2_sa1.pdb,8VT5,0.91378
8v1h_se5_sa4.pdb,8V1H,0.81050
8tju_se4_sa3.pdb,8TJU,0.29819
7zj5_se5_sa2.pdb,7ZJ5,0.24526
r1254_se4_sa0.pdb,R1254,0.18661
8utg_se5_sa2.pdb,8UTG,0.38772
8cq1_se3_sa0.pdb,8CQ1,0.77642
8v1h_se3_sa3.pdb,8V1H,0.82683
r1212_se1_sa4.pdb,R1212,0.21607
8sch_se3_sa0.pdb,8SCH,0.41247
8q4o_se2_sa4.pdb,8Q4O,0.24372
8wa4_se4_sa0.pdb,8WA4,0.84152
r1281_se1_sa0.pdb,R1281,0.22214
8uye_se4_sa1.pdb,8UYE,0.39137
r1293_se1_sa2.pdb,R1293,0.52169
r1241_se2_sa4.pdb,R1241,0.34993
r1263_se1_sa4.pdb,R1263,0.53708
8v1i_se3_sa4.pdb,8V1I,0.85466
r1262_se3_sa3.pdb,R1262,0.82373
r1262_se1_sa1.pdb,R1262,0.85336
r1263_se1_sa2.pdb,R1263,0.52834
8utg_se3_sa1.pdb,8UTG,0.38605
7ucr_se4_sa2.pdb,7UCR,0.99625
7uga_se1_sa0.pdb,7UGA,0.66293
r1205_se1_sa0.pdb,R1205,0.42677
r1248_se4_sa0.pdb,R1248,0.24484
7wia_se5_sa4.pdb,7WIA,0.49126
7ucr_se4_sa1.pdb,7UCR,0.99648
7sxp_se2_sa0.pdb,7SXP,0.23315
8uys_se2_sa2.pdb,8UYS,0.44325
7qdu_se3_sa2.pdb,7QDU,0.30210
8tvz_se2_sa0.pdb,8TVZ,0.17477
8vt5_se4_sa2.pdb,8VT5,0.91397
8xzl_se3_sa2.pdb,8XZL,0.45699
8tvz_se4_sa1.pdb,8TVZ,0.18048
r1281_se1_sa2.pdb,R1281,0.22809
8xzl_se5_sa2.pdb,8XZL,0.46508
8uye_se1_sa3.pdb,8UYE,0.43626
8i44_se2_sa2.pdb,8I44,0.52451
8tju_se5_sa1.pdb,8TJU,0.29858
7ucr_se2_sa4.pdb,7UCR,0.99550
7umc_se5_sa0.pdb,7UMC,0.51431
8i44_se3_sa4.pdb,8I44,0.52139
8v1i_se4_sa3.pdb,8V1I,0.85251
8cq1_se5_sa3.pdb,8CQ1,0.77958
7uga_se3_sa1.pdb,7UGA,0.57197
8q4o_se2_sa1.pdb,8Q4O,0.29329
7v06_se3_sa1.pdb,7V06,0.72007
8tvz_se5_sa3.pdb,8TVZ,0.16144
r1252_se1_sa3.pdb,R1252,0.12821
8jhp_se2_sa2.pdb,8JHP,0.67917
8v1i_se3_sa2.pdb,8V1I,0.84424
r1293_se5_sa0.pdb,R1293,0.45423
8tju_se5_sa0.pdb,8TJU,0.30913
8uys_se5_sa3.pdb,8UYS,0.42774
8sch_se5_sa1.pdb,8SCH,0.45737
7ucr_se1_sa4.pdb,7UCR,0.99494
7wia_se2_sa1.pdb,7WIA,0.50699
r1209_se3_sa4.pdb,R1209,0.41873
8wa4_se1_sa2.pdb,8WA4,0.87395
r1241_se4_sa4.pdb,R1241,0.30908
r1254_se1_sa4.pdb,R1254,0.15308
8q4o_se1_sa4.pdb,8Q4O,0.26796
r1293_se5_sa2.pdb,R1293,0.44168
9bun_se1_sa4.pdb,9BUN,0.36177
8btz_se4_sa1.pdb,8BTZ,0.27256
8cq1_se2_sa3.pdb,8CQ1,0.80347
8vci_se1_sa1.pdb,8VCI,0.44910
8cq1_se5_sa2.pdb,8CQ1,0.80942
r1251_se5_sa1.pdb,R1251,0.15983
8vci_se1_sa0.pdb,8VCI,0.37343
8clr_se1_sa1.pdb,8CLR,0.94796
8k15_se2_sa0.pdb,8K15,0.15992
8v1h_se4_sa4.pdb,8V1H,0.80802
r1251_se2_sa0.pdb,R1251,0.15232
7ucr_se3_sa2.pdb,7UCR,0.99402
8sch_se4_sa3.pdb,8SCH,0.46987
7q48_se2_sa4.pdb,7Q48,0.25598
9eow_se3_sa1.pdb,9EOW,0.71519
r1256_se1_sa0.pdb,R1256,0.29851
r1254_se5_sa4.pdb,R1254,0.18165
8vt5_se1_sa3.pdb,8VT5,0.91692
8qo4_se3_sa2.pdb,8QO4,0.42984
r1256_se3_sa1.pdb,R1256,0.31852
7zj5_se1_sa0.pdb,7ZJ5,0.18650
8v1i_se2_sa4.pdb,8V1I,0.79859
7shx_se1_sa0.pdb,7SHX,0.21898
r1242_se5_sa1.pdb,R1242,0.20862
r1286_se4_sa0.pdb,R1286,0.14696
r1264_se1_sa1.pdb,R1264,0.47617
r1262_se3_sa1.pdb,R1262,0.85459
7wia_se4_sa4.pdb,7WIA,0.50559
8sch_se5_sa2.pdb,8SCH,0.41040
7ucr_se1_sa2.pdb,7UCR,0.99415
r1264_se3_sa1.pdb,R1264,0.50939
8vci_se5_sa0.pdb,8VCI,0.28512
r1281_se2_sa3.pdb,R1281,0.27646
r1256_se4_sa3.pdb,R1256,0.29528
9eow_se1_sa0.pdb,9EOW,0.80073
8edp_se3_sa1.pdb,8EDP,0.34125
7shx_se5_sa2.pdb,7SHX,0.27742
r1209_se3_sa0.pdb,R1209,0.35648
8vt5_se5_sa2.pdb,8VT5,0.91686
8tvz_se5_sa1.pdb,8TVZ,0.17403
r1296_se5_sa3.pdb,R1296,0.40304
r1255_se1_sa1.pdb,R1255,0.40834
7ume_se2_sa1.pdb,7UME,0.84973
r1256_se2_sa2.pdb,R1256,0.28497
8uys_se1_sa4.pdb,8UYS,0.44512
r1288_se4_sa0.pdb,R1288,0.60134
r1203_se5_sa1.pdb,R1203,0.59368
7wia_se4_sa2.pdb,7WIA,0.55762
r1293_se3_sa2.pdb,R1293,0.51037
r1211_se2_sa2.pdb,R1211,0.53146
7zj5_se4_sa4.pdb,7ZJ5,0.29708
r1281_se2_sa1.pdb,R1281,0.23462
r1288_se3_sa4.pdb,R1288,0.51935
8sch_se2_sa4.pdb,8SCH,0.41162
r1264_se3_sa3.pdb,R1264,0.48421
8cq1_se1_sa4.pdb,8CQ1,0.82017
7zj5_se5_sa0.pdb,7ZJ5,0.19570
r1211_se4_sa3.pdb,R1211,0.53582
8bu8_se1_sa3.pdb,8BU8,0.18741
r1285_se2_sa3.pdb,R1285,0.37249
r1211_se2_sa4.pdb,R1211,0.56138
r1256_se2_sa4.pdb,R1256,0.31612
8bu8_se4_sa0.pdb,8BU8,0.15750
8q4o_se4_sa0.pdb,8Q4O,0.27046
8qo4_se2_sa3.pdb,8QO4,0.43029
r1271_se2_sa4.pdb,R1271,0.86015
r1209_se3_sa3.pdb,R1209,0.35477
8k15_se2_sa4.pdb,8K15,0.14470
r1205_se3_sa0.pdb,R1205,0.44507
8uye_se1_sa0.pdb,8UYE,0.36475
r1241_se5_sa0.pdb,R1241,0.32776
r1286_se1_sa3.pdb,R1286,0.15586
8bwt_se5_sa2.pdb,8BWT,0.76545
8qo3_se2_sa0.pdb,8QO3,0.49594
r1296_se4_sa3.pdb,R1296,0.41236
8v1h_se5_sa3.pdb,8V1H,0.80487
r1209_se1_sa4.pdb,R1209,0.43456
8wa4_se5_sa4.pdb,8WA4,0.87796
8btz_se2_sa1.pdb,8BTZ,0.19380
7uga_se4_sa1.pdb,7UGA,0.70004
r1251_se4_sa1.pdb,R1251,0.11704
8bwt_se3_sa1.pdb,8BWT,0.72912
7sxp_se3_sa1.pdb,7SXP,0.22728
8k15_se4_sa4.pdb,8K15,0.13142
7qdu_se3_sa4.pdb,7QDU,0.42555
7umd_se3_sa0.pdb,7UMD,0.67639
7qdu_se1_sa3.pdb,7QDU,0.43749
8utg_se1_sa3.pdb,8UTG,0.39043
r1248_se2_sa4.pdb,R1248,0.26806
8its_se3_sa3.pdb,8ITS,0.45444
7q48_se4_sa2.pdb,7Q48,0.30763
7uga_se2_sa0.pdb,7UGA,0.63031
8q4o_se3_sa0.pdb,8Q4O,0.34385
8its_se5_sa1.pdb,8ITS,0.42701
8btz_se3_sa0.pdb,8BTZ,0.25810
r1256_se5_sa1.pdb,R1256,0.29874
8bu8_se2_sa0.pdb,8BU8,0.17576
r1264_se4_sa4.pdb,R1264,0.49209
r1296_se3_sa1.pdb,R1296,0.41302
7uga_se2_sa2.pdb,7UGA,0.68055
7umc_se4_sa2.pdb,7UMC,0.58601
8cq1_se4_sa2.pdb,8CQ1,0.82023
8tns_se4_sa1.pdb,8TNS,0.47057
8xzl_se3_sa0.pdb,8XZL,0.46459
7zj5_se3_sa0.pdb,7ZJ5,0.26211
r1288_se3_sa0.pdb,R1288,0.53110
7ucr_se5_sa1.pdb,7UCR,0.99675
8edp_se2_sa3.pdb,8EDP,0.30645
7qdu_se4_sa2.pdb,7QDU,0.43177
8edp_se4_sa3.pdb,8EDP,0.33025
7wia_se5_sa0.pdb,7WIA,0.51694
7sxp_se1_sa1.pdb,7SXP,0.28865
r1263_se3_sa3.pdb,R1263,0.50501
7shx_se3_sa1.pdb,7SHX,0.33062
7qdu_se5_sa3.pdb,7QDU,0.40661
r1293_se4_sa1.pdb,R1293,0.52980
8edp_se3_sa2.pdb,8EDP,0.35360
8i44_se3_sa0.pdb,8I44,0.54171
8vpv_se2_sa0.pdb,8VPV,0.51192
8qo2_se4_sa3.pdb,8QO2,0.38885
8fcs_se3_sa3.pdb,8FCS,0.86953
r1211_se4_sa4.pdb,R1211,0.56734
7uga_se2_sa1.pdb,7UGA,0.64711
8k15_se2_sa2.pdb,8K15,0.17633
8cq1_se3_sa1.pdb,8CQ1,0.80974
7zj5_se1_sa3.pdb,7ZJ5,0.26064
8utg_se4_sa3.pdb,8UTG,0.23263
9bun_se2_sa2.pdb,9BUN,0.36870
8jhp_se5_sa1.pdb,8JHP,0.69297
7wia_se1_sa4.pdb,7WIA,0.51451
r1271_se1_sa4.pdb,R1271,0.85467
r1205_se4_sa2.pdb,R1205,0.46653
8qo4_se3_sa4.pdb,8QO4,0.45135
7umc_se4_sa3.pdb,7UMC,0.42461
8its_se2_sa2.pdb,8ITS,0.43531
8clr_se1_sa4.pdb,8CLR,0.95655
8qo4_se1_sa1.pdb,8QO4,0.45488
8qo2_se5_sa3.pdb,8QO2,0.43503
8cq1_se4_sa0.pdb,8CQ1,0.80612
8bwt_se5_sa0.pdb,8BWT,0.76812
8btz_se5_sa3.pdb,8BTZ,0.24226
r1205_se4_sa3.pdb,R1205,0.48083
8q4o_se3_sa1.pdb,8Q4O,0.27712
9bun_se3_sa2.pdb,9BUN,0.42051
8xzl_se5_sa3.pdb,8XZL,0.46916
8qo4_se1_sa2.pdb,8QO4,0.43810
8its_se1_sa4.pdb,8ITS,0.43036
r1293_se2_sa3.pdb,R1293,0.45838
8vci_se4_sa0.pdb,8VCI,0.39288
8qo3_se1_sa3.pdb,8QO3,0.55151
7q48_se2_sa0.pdb,7Q48,0.26370
9bun_se3_sa0.pdb,9BUN,0.39905
7q48_se5_sa1.pdb,7Q48,0.28764
r1262_se3_sa2.pdb,R1262,0.83009
r1203_se4_sa0.pdb,R1203,0.56841
r1263_se4_sa3.pdb,R1263,0.53896
r1212_se3_sa2.pdb,R1212,0.28639
r1251_se3_sa4.pdb,R1251,0.14896
r1241_se3_sa0.pdb,R1241,0.33390
8vt5_se4_sa3.pdb,8VT5,0.91056
8v1h_se3_sa2.pdb,8V1H,0.79603
r1209_se2_sa0.pdb,R1209,0.35402
8bm6_se2_sa1.pdb,8BM6,0.64194
r1264_se4_sa0.pdb,R1264,0.50088
r1262_se5_sa3.pdb,R1262,0.85081
r1285_se2_sa2.pdb,R1285,0.35409
8i44_se5_sa2.pdb,8I44,0.57755
7v06_se4_sa0.pdb,7V06,0.81289
8jhp_se1_sa0.pdb,8JHP,0.72653
8uys_se5_sa4.pdb,8UYS,0.40928
r1281_se5_sa3.pdb,R1281,0.35458
r1242_se3_sa3.pdb,R1242,0.21534
r1211_se3_sa4.pdb,R1211,0.49065
r1203_se4_sa1.pdb,R1203,0.56020
r1288_se5_sa4.pdb,R1288,0.50320
9eow_se4_sa4.pdb,9EOW,0.77234
7wia_se2_sa0.pdb,7WIA,0.52842
r1242_se1_sa1.pdb,R1242,0.24216
r1203_se2_sa0.pdb,R1203,0.56615
r1252_se3_sa2.pdb,R1252,0.11195
8clr_se5_sa3.pdb,8CLR,0.94208
8vpv_se4_sa1.pdb,8VPV,0.48320
r1281_se3_sa4.pdb,R1281,0.17867
8tvz_se5_sa0.pdb,8TVZ,0.18957
8v1i_se4_sa2.pdb,8V1I,0.88213
r1293_se1_sa3.pdb,R1293,0.45336
8qo3_se2_sa3.pdb,8QO3,0.52540
r1211_se1_sa3.pdb,R1211,0.52311
r1252_se1_sa0.pdb,R1252,0.13774
r1293_se3_sa3.pdb,R1293,0.45719
8qo2_se3_sa3.pdb,8QO2,0.30470
8tju_se5_sa4.pdb,8TJU,0.28335
7uga_se3_sa3.pdb,7UGA,0.72572
7v06_se2_sa2.pdb,7V06,0.64636
8i44_se2_sa0.pdb,8I44,0.53769
r1255_se3_sa3.pdb,R1255,0.44631
8upt_se5_sa0.pdb,8UPT,0.81193
8sch_se3_sa3.pdb,8SCH,0.47338
8upt_se1_sa4.pdb,8UPT,0.82035
r1252_se4_sa4.pdb,R1252,0.15013
r1255_se3_sa2.pdb,R1255,0.39910
r1211_se4_sa1.pdb,R1211,0.55104
8uye_se2_sa1.pdb,8UYE,0.39454
r1248_se2_sa2.pdb,R1248,0.25613
8vpv_se3_sa4.pdb,8VPV,0.49685
8i44_se3_sa2.pdb,8I44,0.52471
8clr_se3_sa4.pdb,8CLR,0.95052
8vpv_se1_sa3.pdb,8VPV,0.51380
8uye_se5_sa2.pdb,8UYE,0.37758
8upt_se3_sa3.pdb,8UPT,0.81548
r1288_se1_sa3.pdb,R1288,0.60542
7qdu_se4_sa4.pdb,7QDU,0.39096
9eow_se3_sa2.pdb,9EOW,0.77551
7umd_se5_sa0.pdb,7UMD,0.59783
r1254_se5_sa1.pdb,R1254,0.18286
8i44_se1_sa4.pdb,8I44,0.51312
r1212_se5_sa1.pdb,R1212,0.28976
8v1i_se2_sa1.pdb,8V1I,0.84265
8clr_se1_sa3.pdb,8CLR,0.95008
r1252_se2_sa2.pdb,R1252,0.14678
8vci_se4_sa3.pdb,8VCI,0.41365
7qdu_se5_sa4.pdb,7QDU,0.29051
8vt5_se4_sa1.pdb,8VT5,0.92840
9eow_se2_sa4.pdb,9EOW,0.79990
8vpv_se4_sa4.pdb,8VPV,0.51992
r1285_se1_sa3.pdb,R1285,0.36327
7qdu_se2_sa3.pdb,7QDU,0.38538
8bu8_se5_sa4.pdb,8BU8,0.16612
r1281_se4_sa3.pdb,R1281,0.34869
9eow_se4_sa2.pdb,9EOW,0.77086
8tvz_se3_sa0.pdb,8TVZ,0.19864
8its_se4_sa1.pdb,8ITS,0.40090
7umd_se1_sa0.pdb,7UMD,0.50822
r1251_se3_sa0.pdb,R1251,0.16342
8qo3_se5_sa3.pdb,8QO3,0.54620
r1205_se2_sa3.pdb,R1205,0.43934
7zj5_se4_sa3.pdb,7ZJ5,0.21929
7umd_se4_sa0.pdb,7UMD,0.46331
7zj5_se2_sa4.pdb,7ZJ5,0.18064
8fcs_se4_sa1.pdb,8FCS,0.86173
8jhp_se3_sa4.pdb,8JHP,0.72761
9bun_se3_sa1.pdb,9BUN,0.29760
8its_se1_sa2.pdb,8ITS,0.42666
8v1i_se5_sa4.pdb,8V1I,0.86121
9eow_se1_sa1.pdb,9EOW,0.76252
8bm6_se4_sa2.pdb,8BM6,0.62119
8vt5_se2_sa2.pdb,8VT5,0.89626
8qo4_se4_sa3.pdb,8QO4,0.43114
r1252_se1_sa2.pdb,R1252,0.12706
8edp_se1_sa1.pdb,8EDP,0.33101
r1288_se1_sa2.pdb,R1288,0.55755
7sxp_se4_sa1.pdb,7SXP,0.20473
r1256_se1_sa3.pdb,R1256,0.27721
8xzl_se5_sa4.pdb,8XZL,0.46312
r1254_se1_sa1.pdb,R1254,0.19336
8vpv_se3_sa3.pdb,8VPV,0.50658
7zj5_se2_sa1.pdb,7ZJ5,0.21119
8tns_se5_sa2.pdb,8TNS,0.44763
r1255_se2_sa0.pdb,R1255,0.37691
8qo4_se2_sa2.pdb,8QO4,0.37647
7umd_se2_sa1.pdb,7UMD,0.62482
8its_se4_sa0.pdb,8ITS,0.40559
8qo4_se4_sa0.pdb,8QO4,0.39691
r1256_se4_sa4.pdb,R1256,0.30569
r1211_se5_sa0.pdb,R1211,0.53340
7sxp_se2_sa2.pdb,7SXP,0.23962
7qdu_se5_sa0.pdb,7QDU,0.32270
r1262_se2_sa0.pdb,R1262,0.83705
r1212_se2_sa2.pdb,R1212,0.28931
7q48_se2_sa1.pdb,7Q48,0.31579
7uga_se2_sa3.pdb,7UGA,0.60410
8xzl_se3_sa3.pdb,8XZL,0.43785
8vt5_se4_sa4.pdb,8VT5,0.90710
r1209_se2_sa4.pdb,R1209,0.48403
8xzl_se4_sa1.pdb,8XZL,0.43633
r1286_se3_sa0.pdb,R1286,0.14718
r1203_se2_sa2.pdb,R1203,0.56287
r1256_se1_sa4.pdb,R1256,0.29562
9eow_se3_sa3.pdb,9EOW,0.77898
r1256_se5_sa4.pdb,R1256,0.30853
8cq1_se5_sa0.pdb,8CQ1,0.82350
8vpv_se5_sa4.pdb,8VPV,0.49476
r1209_se4_sa4.pdb,R1209,0.42342
7ucr_se5_sa2.pdb,7UCR,0.99435
9bun_se5_sa0.pdb,9BUN,0.43078
8fcs_se3_sa4.pdb,8FCS,0.84604
r1288_se2_sa3.pdb,R1288,0.54531
r1212_se3_sa4.pdb,R1212,0.23829
r1281_se4_sa0.pdb,R1281,0.25583
8clr_se2_sa4.pdb,8CLR,0.92862
r1205_se5_sa4.pdb,R1205,0.47802
7wia_se1_sa3.pdb,7WIA,0.49461
8bm6_se1_sa2.pdb,8BM6,0.60222
r1271_se4_sa1.pdb,R1271,0.86039
r1211_se2_sa0.pdb,R1211,0.69828
8vt5_se2_sa3.pdb,8VT5,0.89270
8v1i_se4_sa4.pdb,8V1I,0.84663
8i44_se4_sa1.pdb,8I44,0.52826
r1241_se2_sa3.pdb,R1241,0.34788
r1262_se1_sa4.pdb,R1262,0.81734
r1248_se5_sa0.pdb,R1248,0.20869
7ucr_se2_sa2.pdb,7UCR,0.99471
7qdu_se1_sa1.pdb,7QDU,0.57294
8its_se4_sa4.pdb,8ITS,0.44442
8v1h_se2_sa4.pdb,8V1H,0.82041
7sxp_se3_sa4.pdb,7SXP,0.28136
r1288_se4_sa1.pdb,R1288,0.55385
r1248_se5_sa3.pdb,R1248,0.24489
r1285_se5_sa0.pdb,R1285,0.29751
8xzl_se4_sa3.pdb,8XZL,0.44615
r1286_se3_sa2.pdb,R1286,0.11311
7ume_se2_sa3.pdb,7UME,0.84936
8tns_se2_sa2.pdb,8TNS,0.48555
8xzl_se2_sa0.pdb,8XZL,0.47753
7sxp_se2_sa3.pdb,7SXP,0.22202
r1286_se5_sa0.pdb,R1286,0.12720
8its_se2_sa1.pdb,8ITS,0.44176
7umc_se5_sa3.pdb,7UMC,0.55508
8tns_se2_sa3.pdb,8TNS,0.36927
8v1h_se4_sa0.pdb,8V1H,0.79916
7ume_se2_sa0.pdb,7UME,0.81519
r1248_se2_sa0.pdb,R1248,0.25704
7shx_se3_sa0.pdb,7SHX,0.32876
8tju_se1_sa3.pdb,8TJU,0.30568
7sxp_se5_sa3.pdb,7SXP,0.22175
8qo4_se3_sa3.pdb,8QO4,0.38448
8wa4_se5_sa0.pdb,8WA4,0.86717
r1264_se3_sa4.pdb,R1264,0.49188
r1262_se2_sa1.pdb,R1262,0.85534
r1271_se5_sa1.pdb,R1271,0.85757
7zj5_se5_sa1.pdb,7ZJ5,0.24749
r1241_se1_sa1.pdb,R1241,0.30042
8bm6_se5_sa1.pdb,8BM6,0.62183
r1293_se1_sa4.pdb,R1293,0.52566
r1264_se4_sa3.pdb,R1264,0.49552
8uys_se4_sa3.pdb,8UYS,0.41803
9eow_se2_sa3.pdb,9EOW,0.75868
7shx_se4_sa4.pdb,7SHX,0.31773
8vci_se1_sa2.pdb,8VCI,0.41453
r1271_se1_sa3.pdb,R1271,0.86435
8bu8_se5_sa1.pdb,8BU8,0.17945
7ucr_se5_sa4.pdb,7UCR,0.99677
8tju_se4_sa0.pdb,8TJU,0.29047
7shx_se2_sa1.pdb,7SHX,0.28740
r1254_se3_sa3.pdb,R1254,0.23415
r1262_se2_sa3.pdb,R1262,0.83447
7q48_se5_sa0.pdb,7Q48,0.31440
8qo2_se1_sa3.pdb,8QO2,0.40313
8v1h_se4_sa2.pdb,8V1H,0.82372
8uys_se2_sa1.pdb,8UYS,0.40968
8bwt_se4_sa4.pdb,8BWT,0.82906
8qo2_se4_sa1.pdb,8QO2,0.34393
8q4o_se5_sa2.pdb,8Q4O,0.29109
8clr_se4_sa0.pdb,8CLR,0.94165
8btz_se2_sa2.pdb,8BTZ,0.24839
9bun_se4_sa1.pdb,9BUN,0.42352
r1242_se2_sa1.pdb,R1242,0.21265
8vci_se5_sa4.pdb,8VCI,0.23311
r1285_se2_sa4.pdb,R1285,0.33803
r1286_se1_sa2.pdb,R1286,0.14648
8its_se2_sa0.pdb,8ITS,0.42883
8uys_se4_sa0.pdb,8UYS,0.41757
8qo2_se2_sa2.pdb,8QO2,0.40695
7wia_se2_sa3.pdb,7WIA,0.51094
8btz_se3_sa2.pdb,8BTZ,0.26427
7qdu_se1_sa2.pdb,7QDU,0.45322
8qo3_se5_sa4.pdb,8QO3,0.53914
8tns_se2_sa0.pdb,8TNS,0.47484
r1262_se4_sa1.pdb,R1262,0.85924
8vt5_se2_sa0.pdb,8VT5,0.91590
r1252_se5_sa1.pdb,R1252,0.11600
7uga_se4_sa4.pdb,7UGA,0.61890
9eow_se1_sa4.pdb,9EOW,0.74753
r1293_se1_sa1.pdb,R1293,0.54706
r1281_se3_sa3.pdb,R1281,0.19127
7q48_se4_sa4.pdb,7Q48,0.29272
8sch_se5_sa4.pdb,8SCH,0.41128
8xzl_se4_sa2.pdb,8XZL,0.44106
8uye_se2_sa4.pdb,8UYE,0.41425
7zj5_se1_sa2.pdb,7ZJ5,0.22738
7ume_se4_sa0.pdb,7UME,0.85015
8edp_se2_sa4.pdb,8EDP,0.35517
8sch_se2_sa1.pdb,8SCH,0.47123
r1256_se5_sa2.pdb,R1256,0.27070
8k15_se3_sa2.pdb,8K15,0.13157
r1281_se5_sa1.pdb,R1281,0.29508
r1256_se2_sa0.pdb,R1256,0.28660
8v1i_se2_sa3.pdb,8V1I,0.88681
r1286_se2_sa2.pdb,R1286,0.13784
8uye_se1_sa2.pdb,8UYE,0.40724
r1262_se2_sa2.pdb,R1262,0.84529
8cq1_se2_sa1.pdb,8CQ1,0.80147
r1248_se3_sa3.pdb,R1248,0.24769
8bu8_se3_sa2.pdb,8BU8,0.14273
r1296_se5_sa4.pdb,R1296,0.40618
r1262_se3_sa4.pdb,R1262,0.84044
r1203_se3_sa2.pdb,R1203,0.56207
r1285_se1_sa2.pdb,R1285,0.37467
7v06_se2_sa3.pdb,7V06,0.77040
8vpv_se4_sa0.pdb,8VPV,0.52803
8bwt_se1_sa1.pdb,8BWT,0.74737
8vpv_se1_sa2.pdb,8VPV,0.51284
8v1h_se1_sa2.pdb,8V1H,0.80539
8tju_se3_sa3.pdb,8TJU,0.26910
8upt_se4_sa4.pdb,8UPT,0.80367
8v1h_se1_sa3.pdb,8V1H,0.79322
7q48_se4_sa3.pdb,7Q48,0.30134
8btz_se1_sa4.pdb,8BTZ,0.24920
8bm6_se2_sa2.pdb,8BM6,0.64649
7qdu_se2_sa1.pdb,7QDU,0.45932
8utg_se1_sa0.pdb,8UTG,0.37111
r1296_se2_sa2.pdb,R1296,0.39196
8uys_se1_sa1.pdb,8UYS,0.44262
7umd_se3_sa1.pdb,7UMD,0.50812
r1242_se4_sa3.pdb,R1242,0.23884
r1293_se2_sa2.pdb,R1293,0.53969
8clr_se2_sa1.pdb,8CLR,0.92518
8bm6_se3_sa3.pdb,8BM6,0.59709
r1248_se4_sa4.pdb,R1248,0.21063
8wa4_se3_sa1.pdb,8WA4,0.88419
r1248_se3_sa2.pdb,R1248,0.25193
r1263_se3_sa2.pdb,R1263,0.51661
7qdu_se2_sa4.pdb,7QDU,0.30459
8qo3_se4_sa0.pdb,8QO3,0.60997
8uys_se3_sa1.pdb,8UYS,0.37489
r1251_se1_sa2.pdb,R1251,0.13585
7zj5_se4_sa1.pdb,7ZJ5,0.27243
8vpv_se1_sa0.pdb,8VPV,0.47177
8qo3_se5_sa2.pdb,8QO3,0.57565
8vt5_se4_sa0.pdb,8VT5,0.89031
8vci_se4_sa2.pdb,8VCI,0.32043
7wia_se2_sa4.pdb,7WIA,0.49864
8v1i_se1_sa4.pdb,8V1I,0.88450
r1263_se4_sa1.pdb,R1263,0.48817
8fcs_se4_sa0.pdb,8FCS,0.90048
r1242_se1_sa4.pdb,R1242,0.22157
8v1h_se1_sa4.pdb,8V1H,0.81168
8qo3_se3_sa3.pdb,8QO3,0.50177
8qo3_se1_sa0.pdb,8QO3,0.51370
r1255_se2_sa2.pdb,R1255,0.36042
7ume_se1_sa0.pdb,7UME,0.81734
8btz_se3_sa3.pdb,8BTZ,0.28705
7umd_se5_sa3.pdb,7UMD,0.52902
7qdu_se4_sa3.pdb,7QDU,0.50980
8vt5_se1_sa2.pdb,8VT5,0.90417
7uga_se5_sa3.pdb,7UGA,0.70989
8qo4_se2_sa4.pdb,8QO4,0.43454
8edp_se3_sa4.pdb,8EDP,0.32336
r1271_se1_sa0.pdb,R1271,0.85854
7sxp_se4_sa0.pdb,7SXP,0.31047
8qo4_se5_sa1.pdb,8QO4,0.38882
9bun_se1_sa0.pdb,9BUN,0.41359
r1264_se5_sa0.pdb,R1264,0.47072
7wia_se3_sa0.pdb,7WIA,0.51820
8utg_se4_sa4.pdb,8UTG,0.31874
8tvz_se3_sa2.pdb,8TVZ,0.16050
8bu8_se3_sa3.pdb,8BU8,0.20640
r1263_se4_sa4.pdb,R1263,0.53791
8vpv_se2_sa4.pdb,8VPV,0.48116
r1281_se5_sa2.pdb,R1281,0.22543
8bwt_se5_sa4.pdb,8BWT,0.75193
8vt5_se2_sa4.pdb,8VT5,0.90691
9bun_se1_sa2.pdb,9BUN,0.41836
7ume_se1_sa1.pdb,7UME,0.83034
8wa4_se2_sa1.pdb,8WA4,0.84736
8upt_se2_sa4.pdb,8UPT,0.82399
8jhp_se4_sa2.pdb,8JHP,0.69356
8edp_se4_sa4.pdb,8EDP,0.35039
r1205_se2_sa4.pdb,R1205,0.41027
r1203_se4_sa2.pdb,R1203,0.56307
8utg_se3_sa4.pdb,8UTG,0.31950
r1288_se3_sa1.pdb,R1288,0.47805
8fcs_se3_sa1.pdb,8FCS,0.84605
8uye_se4_sa0.pdb,8UYE,0.43069
8utg_se2_sa3.pdb,8UTG,0.31256
r1241_se4_sa3.pdb,R1241,0.37429
8q4o_se5_sa3.pdb,8Q4O,0.34159
8uye_se1_sa1.pdb,8UYE,0.41355
8utg_se5_sa1.pdb,8UTG,0.32826
8upt_se3_sa4.pdb,8UPT,0.83629
7sxp_se1_sa4.pdb,7SXP,0.28244
r1251_se1_sa0.pdb,R1251,0.12827
r1242_se3_sa0.pdb,R1242,0.20535
8cq1_se5_sa4.pdb,8CQ1,0.79729
r1293_se4_sa2.pdb,R1293,0.39176
8bwt_se2_sa0.pdb,8BWT,0.74208
8its_se1_sa0.pdb,8ITS,0.42326
r1286_se5_sa4.pdb,R1286,0.12916
7umc_se2_sa1.pdb,7UMC,0.46741
8sch_se3_sa1.pdb,8SCH,0.46430
r1255_se3_sa4.pdb,R1255,0.39328
8btz_se1_sa3.pdb,8BTZ,0.22753
7uga_se5_sa1.pdb,7UGA,0.68673
7qdu_se3_sa0.pdb,7QDU,0.40395
r1264_se5_sa2.pdb,R1264,0.49419
8v1h_se5_sa1.pdb,8V1H,0.81609
7sxp_se5_sa1.pdb,7SXP,0.24255
7q48_se1_sa0.pdb,7Q48,0.29979
8bu8_se4_sa3.pdb,8BU8,0.16258
r1286_se1_sa4.pdb,R1286,0.12660
8utg_se3_sa0.pdb,8UTG,0.30882
r1251_se4_sa0.pdb,R1251,0.13776
8vpv_se2_sa2.pdb,8VPV,0.51285
8xzl_se5_sa1.pdb,8XZL,0.45843
r1293_se4_sa0.pdb,R1293,0.48465
r1271_se4_sa0.pdb,R1271,0.86155
8cq1_se2_sa0.pdb,8CQ1,0.79143
r1203_se5_sa3.pdb,R1203,0.57685
r1241_se3_sa4.pdb,R1241,0.33256
7ucr_se4_sa0.pdb,7UCR,0.99604
r1209_se1_sa1.pdb,R1209,0.47564
8qo2_se5_sa2.pdb,8QO2,0.36651
r1256_se5_sa0.pdb,R1256,0.27021
8its_se2_sa3.pdb,8ITS,0.47086
8fcs_se3_sa0.pdb,8FCS,0.84903
8clr_se3_sa3.pdb,8CLR,0.93446
r1255_se5_sa3.pdb,R1255,0.41896
7uga_se1_sa1.pdb,7UGA,0.68425
7ucr_se5_sa0.pdb,7UCR,0.99672
r1254_se4_sa1.pdb,R1254,0.20648
r1263_se5_sa4.pdb,R1263,0.47419
8fcs_se5_sa1.pdb,8FCS,0.87090
9eow_se3_sa0.pdb,9EOW,0.79684
r1281_se1_sa4.pdb,R1281,0.28020
8vt5_se3_sa1.pdb,8VT5,0.91834
8edp_se5_sa4.pdb,8EDP,0.37111
8wa4_se2_sa0.pdb,8WA4,0.83487
8utg_se1_sa4.pdb,8UTG,0.34477
8uye_se3_sa4.pdb,8UYE,0.38529
8bwt_se5_sa3.pdb,8BWT,0.76265
7zj5_se5_sa4.pdb,7ZJ5,0.26517
8vpv_se1_sa1.pdb,8VPV,0.48747
7q48_se1_sa4.pdb,7Q48,0.31485
7umc_se1_sa2.pdb,7UMC,0.45126
r1281_se3_sa2.pdb,R1281,0.32281
7umc_se3_sa1.pdb,7UMC,0.47622
8tju_se1_sa2.pdb,8TJU,0.31661
8vt5_se3_sa3.pdb,8VT5,0.92461
r1263_se5_sa3.pdb,R1263,0.52048
r1296_se3_sa0.pdb,R1296,0.39235
7ume_se5_sa0.pdb,7UME,0.83456
r1293_se4_sa3.pdb,R1293,0.52308
8q4o_se3_sa2.pdb,8Q4O,0.29433
r1288_se4_sa2.pdb,R1288,0.55662
7shx_se5_sa1.pdb,7SHX,0.25225
8bwt_se5_sa1.pdb,8BWT,0.74174
7v06_se3_sa4.pdb,7V06,0.80364
8its_se1_sa3.pdb,8ITS,0.47161
8edp_se4_sa0.pdb,8EDP,0.33067
8fcs_se1_sa3.pdb,8FCS,0.86525
r1285_se3_sa4.pdb,R1285,0.32782
8jhp_se2_sa3.pdb,8JHP,0.74729
7wia_se3_sa4.pdb,7WIA,0.53347
8fcs_se4_sa3.pdb,8FCS,0.81224
7qdu_se3_sa3.pdb,7QDU,0.44823
r1263_se3_sa4.pdb,R1263,0.56250
8vci_se2_sa2.pdb,8VCI,0.34115
r1251_se5_sa2.pdb,R1251,0.15046
7sxp_se1_sa0.pdb,7SXP,0.22483
r1281_se2_sa4.pdb,R1281,0.15146
8v1h_se3_sa4.pdb,8V1H,0.82212
r1286_se2_sa1.pdb,R1286,0.15466
7v06_se1_sa0.pdb,7V06,0.65683
r1271_se2_sa0.pdb,R1271,0.86710
7v06_se4_sa3.pdb,7V06,0.76541
8vt5_se3_sa2.pdb,8VT5,0.91529
r1286_se3_sa1.pdb,R1286,0.14768
r1286_se4_sa1.pdb,R1286,0.13424
7zj5_se3_sa3.pdb,7ZJ5,0.25163
8tju_se3_sa1.pdb,8TJU,0.30824
8xzl_se4_sa0.pdb,8XZL,0.46888
8uye_se5_sa1.pdb,8UYE,0.38754
r1242_se5_sa0.pdb,R1242,0.25636
7ucr_se2_sa3.pdb,7UCR,0.98995
7zj5_se2_sa3.pdb,7ZJ5,0.22874
r1254_se1_sa3.pdb,R1254,0.18774
r1254_se1_sa0.pdb,R1254,0.17571
8v1i_se5_sa1.pdb,8V1I,0.83440
7v06_se5_sa4.pdb,7V06,0.78449
r1288_se5_sa1.pdb,R1288,0.51595
8utg_se5_sa3.pdb,8UTG,0.34422
r1263_se2_sa4.pdb,R1263,0.50065
r1211_se3_sa3.pdb,R1211,0.62964
r1271_se4_sa4.pdb,R1271,0.85562
8qo2_se5_sa0.pdb,8QO2,0.39282
8utg_se5_sa0.pdb,8UTG,0.35323
r1271_se5_sa2.pdb,R1271,0.86506
r1296_se2_sa1.pdb,R1296,0.39124
r1254_se3_sa1.pdb,R1254,0.18179
r1205_se5_sa2.pdb,R1205,0.44312
8bu8_se4_sa4.pdb,8BU8,0.14479
8k15_se2_sa1.pdb,8K15,0.14416
7uga_se1_sa2.pdb,7UGA,0.65978
r1296_se3_sa3.pdb,R1296,0.42108
r1262_se1_sa0.pdb,R1262,0.86211
7shx_se3_sa4.pdb,7SHX,0.27129
r1264_se3_sa2.pdb,R1264,0.50569
r1256_se4_sa2.pdb,R1256,0.28755
8v1i_se1_sa1.pdb,8V1I,0.87277
8uye_se5_sa0.pdb,8UYE,0.38031
r1241_se2_sa2.pdb,R1241,0.31068
9bun_se4_sa0.pdb,9BUN,0.41229
8k15_se3_sa3.pdb,8K15,0.10805
8q4o_se4_sa4.pdb,8Q4O,0.27056
8v1h_se2_sa1.pdb,8V1H,0.79882
8bm6_se2_sa3.pdb,8BM6,0.62983
8tvz_se1_sa0.pdb,8TVZ,0.20199
9eow_se5_sa3.pdb,9EOW,0.77648
8vt5_se1_sa4.pdb,8VT5,0.91054
r1209_se2_sa1.pdb,R1209,0.35950
8q4o_se1_sa0.pdb,8Q4O,0.26949
8vt5_se1_sa0.pdb,8VT5,0.93027
8q4o_se4_sa2.pdb,8Q4O,0.27543
8bu8_se1_sa4.pdb,8BU8,0.15588
8fcs_se4_sa2.pdb,8FCS,0.84830
r1241_se1_sa4.pdb,R1241,0.32853
7q48_se5_sa4.pdb,7Q48,0.35561
9bun_se5_sa3.pdb,9BUN,0.43933
8wa4_se4_sa1.pdb,8WA4,0.86405
r1263_se2_sa2.pdb,R1263,0.48126
8v1i_se3_sa0.pdb,8V1I,0.87014
8btz_se3_sa1.pdb,8BTZ,0.25987
8utg_se3_sa3.pdb,8UTG,0.29513
8clr_se4_sa4.pdb,8CLR,0.94484
7shx_se1_sa1.pdb,7SHX,0.29963
r1242_se5_sa4.pdb,R1242,0.27071
8edp_se5_sa0.pdb,8EDP,0.38412
8fcs_se1_sa4.pdb,8FCS,0.84298
9bun_se4_sa4.pdb,9BUN,0.41373
7uga_se1_sa3.pdb,7UGA,0.75064
8bwt_se1_sa2.pdb,8BWT,0.74522
r1285_se4_sa3.pdb,R1285,0.31977
8i44_se1_sa1.pdb,8I44,0.59213
8sch_se1_sa0.pdb,8SCH,0.44501
7umd_se1_sa1.pdb,7UMD,0.63844
r1251_se3_sa3.pdb,R1251,0.15112
8tns_se5_sa4.pdb,8TNS,0.42295
r1262_se5_sa4.pdb,R1262,0.85494
9bun_se3_sa3.pdb,9BUN,0.42328
8clr_se1_sa0.pdb,8CLR,0.94369
7shx_se5_sa4.pdb,7SHX,0.26103
r1285_se4_sa0.pdb,R1285,0.35956
7sxp_se5_sa2.pdb,7SXP,0.35864
8bm6_se1_sa0.pdb,8BM6,0.62749
7umc_se4_sa1.pdb,7UMC,0.39944
8q4o_se1_sa2.pdb,8Q4O,0.24836
r1263_se4_sa2.pdb,R1263,0.52272
r1205_se2_sa0.pdb,R1205,0.45546
9eow_se4_sa3.pdb,9EOW,0.73894
8tvz_se2_sa1.pdb,8TVZ,0.13422
8fcs_se4_sa4.pdb,8FCS,0.86567
8tns_se4_sa3.pdb,8TNS,0.42676
r1296_se4_sa4.pdb,R1296,0.43565
8cq1_se1_sa2.pdb,8CQ1,0.80674
7wia_se4_sa1.pdb,7WIA,0.50528
8wa4_se2_sa2.pdb,8WA4,0.83516
8qo2_se1_sa1.pdb,8QO2,0.44334
7ume_se2_sa4.pdb,7UME,0.79755
7shx_se4_sa0.pdb,7SHX,0.23016
8sch_se5_sa0.pdb,8SCH,0.40535
8i44_se2_sa3.pdb,8I44,0.58435
8upt_se4_sa2.pdb,8UPT,0.82101
r1296_se4_sa1.pdb,R1296,0.38724
r1285_se5_sa2.pdb,R1285,0.38119
8jhp_se5_sa3.pdb,8JHP,0.73669
8tns_se4_sa4.pdb,8TNS,0.47291
r1255_se1_sa2.pdb,R1255,0.42806
7umd_se1_sa2.pdb,7UMD,0.52831
8sch_se2_sa3.pdb,8SCH,0.47764
7umd_se1_sa4.pdb,7UMD,0.66351
r1242_se4_sa0.pdb,R1242,0.23501
8qo3_se5_sa1.pdb,8QO3,0.53631
8qo3_se2_sa4.pdb,8QO3,0.55004
r1241_se1_sa3.pdb,R1241,0.32027
r1211_se1_sa4.pdb,R1211,0.54001
7umd_se2_sa2.pdb,7UMD,0.50399
r1211_se3_sa1.pdb,R1211,0.56629
7sxp_se4_sa3.pdb,7SXP,0.15781
8bm6_se4_sa0.pdb,8BM6,0.63095
8i44_se3_sa1.pdb,8I44,0.54842
8bu8_se5_sa3.pdb,8BU8,0.13171
8bwt_se4_sa0.pdb,8BWT,0.73817
r1255_se2_sa4.pdb,R1255,0.37268
8tns_se2_sa1.pdb,8TNS,0.46351
r1248_se2_sa3.pdb,R1248,0.19484
8tvz_se4_sa4.pdb,8TVZ,0.17131
r1281_se1_sa3.pdb,R1281,0.13122
r1212_se4_sa1.pdb,R1212,0.25506
r1252_se1_sa1.pdb,R1252,0.14891
8uys_se5_sa2.pdb,8UYS,0.44159
8cq1_se4_sa3.pdb,8CQ1,0.83158
8uye_se4_sa3.pdb,8UYE,0.40137
7umd_se4_sa4.pdb,7UMD,0.53963
8jhp_se1_sa2.pdb,8JHP,0.62291
7sxp_se1_sa3.pdb,7SXP,0.30234
7uga_se4_sa3.pdb,7UGA,0.75789
8uys_se1_sa2.pdb,8UYS,0.43464
8jhp_se5_sa4.pdb,8JHP,0.74942
8btz_se5_sa4.pdb,8BTZ,0.23873
8xzl_se3_sa4.pdb,8XZL,0.47891
8vpv_se3_sa2.pdb,8VPV,0.53663
8btz_se4_sa4.pdb,8BTZ,0.24180
8fcs_se2_sa0.pdb,8FCS,0.83880
8v1h_se3_sa0.pdb,8V1H,0.80853
8bu8_se2_sa2.pdb,8BU8,0.15459
r1264_se2_sa0.pdb,R1264,0.47742
8utg_se4_sa2.pdb,8UTG,0.32317
7umd_se5_sa2.pdb,7UMD,0.54605
r1248_se1_sa4.pdb,R1248,0.23890
r1209_se5_sa1.pdb,R1209,0.35307
8btz_se5_sa0.pdb,8BTZ,0.23736
8its_se3_sa0.pdb,8ITS,0.53679
r1285_se5_sa4.pdb,R1285,0.37139
7ucr_se5_sa3.pdb,7UCR,0.99567
r1248_se5_sa1.pdb,R1248,0.24184
7v06_se5_sa2.pdb,7V06,0.74454
8qo3_se3_sa2.pdb,8QO3,0.57046
r1281_se3_sa1.pdb,R1281,0.28575
8xzl_se3_sa1.pdb,8XZL,0.45693
8its_se3_sa2.pdb,8ITS,0.42277
r1286_se2_sa4.pdb,R1286,0.15619
8tvz_se2_sa2.pdb,8TVZ,0.16299
r1255_se2_sa1.pdb,R1255,0.40130
8jhp_se3_sa1.pdb,8JHP,0.62869
r1296_se5_sa2.pdb,R1296,0.39587
8xzl_se5_sa0.pdb,8XZL,0.44672
8its_se1_sa1.pdb,8ITS,0.45294
r1281_se4_sa2.pdb,R1281,0.25709
r1252_se4_sa1.pdb,R1252,0.12664
r1205_se4_sa4.pdb,R1205,0.44456
8fcs_se1_sa2.pdb,8FCS,0.84527
8q4o_se2_sa2.pdb,8Q4O,0.29836
r1254_se5_sa3.pdb,R1254,0.18762
8clr_se5_sa0.pdb,8CLR,0.94654
8tns_se5_sa1.pdb,8TNS,0.43025
8its_se3_sa4.pdb,8ITS,0.56261
7q48_se5_sa3.pdb,7Q48,0.28752
8clr_se2_sa0.pdb,8CLR,0.94237
8upt_se2_sa3.pdb,8UPT,0.82411
8vci_se3_sa4.pdb,8VCI,0.35066
r1255_se5_sa4.pdb,R1255,0.41367
8qo2_se2_sa4.pdb,8QO2,0.33931
r1288_se3_sa2.pdb,R1288,0.56378
r1241_se3_sa1.pdb,R1241,0.35012
8bu8_se2_sa4.pdb,8BU8,0.17125
r1248_se3_sa1.pdb,R1248,0.24085
8wa4_se5_sa3.pdb,8WA4,0.86656
8v1h_se5_sa2.pdb,8V1H,0.79706
r1248_se5_sa4.pdb,R1248,0.31372
r1271_se3_sa4.pdb,R1271,0.86064
r1203_se2_sa3.pdb,R1203,0.57208
r1286_se5_sa3.pdb,R1286,0.12989
8vci_se3_sa0.pdb,8VCI,0.28903
7uga_se5_sa2.pdb,7UGA,0.70779
r1203_se1_sa1.pdb,R1203,0.56560
7zj5_se5_sa3.pdb,7ZJ5,0.19890
r1254_se5_sa2.pdb,R1254,0.16405
r1256_se3_sa4.pdb,R1256,0.28268
8uys_se5_sa0.pdb,8UYS,0.41888
7ume_se4_sa4.pdb,7UME,0.88258
8jhp_se2_sa1.pdb,8JHP,0.70010
8bm6_se1_sa1.pdb,8BM6,0.60646
r1212_se2_sa4.pdb,R1212,0.24974
8jhp_se3_sa0.pdb,8JHP,0.68638
8bu8_se1_sa1.pdb,8BU8,0.18126
8edp_se5_sa3.pdb,8EDP,0.36028
7shx_se1_sa4.pdb,7SHX,0.21869
7umd_se3_sa2.pdb,7UMD,0.56182
8its_se3_sa1.pdb,8ITS,0.41297
r1211_se1_sa1.pdb,R1211,0.55200
r1209_se3_sa2.pdb,R1209,0.34994
7sxp_se2_sa4.pdb,7SXP,0.23254
8bm6_se3_sa4.pdb,8BM6,0.64335
7v06_se2_sa0.pdb,7V06,0.76566
r1256_se2_sa3.pdb,R1256,0.29628
8qo4_se5_sa2.pdb,8QO4,0.43907
r1288_se2_sa0.pdb,R1288,0.48525
7umc_se2_sa4.pdb,7UMC,0.52575
r1212_se4_sa0.pdb,R1212,0.27989
r1211_se4_sa2.pdb,R1211,0.55239
8bm6_se4_sa4.pdb,8BM6,0.62680
8xzl_se2_sa1.pdb,8XZL,0.43177
8jhp_se2_sa0.pdb,8JHP,0.70292
r1241_se5_sa3.pdb,R1241,0.33899
r1288_se3_sa3.pdb,R1288,0.58285
r1205_se5_sa1.pdb,R1205,0.40140
8upt_se4_sa0.pdb,8UPT,0.81281
8sch_se4_sa0.pdb,8SCH,0.40116
9eow_se5_sa4.pdb,9EOW,0.76613
7v06_se4_sa1.pdb,7V06,0.77166
r1252_se3_sa1.pdb,R1252,0.16315
r1203_se5_sa4.pdb,R1203,0.57762
r1285_se4_sa2.pdb,R1285,0.35248
8i44_se5_sa4.pdb,8I44,0.52562
r1256_se1_sa2.pdb,R1256,0.30492
7v06_se2_sa1.pdb,7V06,0.75643
r1241_se3_sa2.pdb,R1241,0.33974
7ucr_se3_sa0.pdb,7UCR,0.99521
7ucr_se3_sa4.pdb,7UCR,0.99654
r1286_se1_sa0.pdb,R1286,0.15243
7umc_se1_sa0.pdb,7UMC,0.55333
7v06_se1_sa1.pdb,7V06,0.80264
r1205_se2_sa2.pdb,R1205,0.44674
8sch_se1_sa2.pdb,8SCH,0.40347
7q48_se1_sa2.pdb,7Q48,0.31026
8vci_se1_sa4.pdb,8VCI,0.42146
8fcs_se5_sa3.pdb,8FCS,0.85656
r1262_se2_sa4.pdb,R1262,0.85508
r1264_se5_sa1.pdb,R1264,0.45051
8btz_se2_sa3.pdb,8BTZ,0.27041
8k15_se1_sa1.pdb,8K15,0.20405
8tns_se1_sa4.pdb,8TNS,0.40851
8qo3_se2_sa1.pdb,8QO3,0.47276
8utg_se2_sa2.pdb,8UTG,0.23094
7qdu_se5_sa1.pdb,7QDU,0.39698
r1248_se1_sa2.pdb,R1248,0.26080
8vci_se2_sa1.pdb,8VCI,0.30441
8vci_se3_sa3.pdb,8VCI,0.26959
8utg_se4_sa0.pdb,8UTG,0.30727
r1254_se2_sa0.pdb,R1254,0.19365
8q4o_se5_sa1.pdb,8Q4O,0.32525
r1281_se4_sa4.pdb,R1281,0.12400
8k15_se5_sa3.pdb,8K15,0.14835
r1203_se1_sa4.pdb,R1203,0.58373
8uye_se5_sa4.pdb,8UYE,0.35769
r1255_se2_sa3.pdb,R1255,0.42214
8xzl_se4_sa4.pdb,8XZL,0.46278
8tvz_se4_sa2.pdb,8TVZ,0.15024
r1203_se4_sa4.pdb,R1203,0.55923
r1251_se1_sa4.pdb,R1251,0.12933
7umd_se2_sa4.pdb,7UMD,0.57073
8v1i_se5_sa2.pdb,8V1I,0.82775
8uys_se5_sa1.pdb,8UYS,0.43126
r1254_se4_sa3.pdb,R1254,0.21008
8upt_se1_sa2.pdb,8UPT,0.81441
r1212_se5_sa0.pdb,R1212,0.28123
8k15_se1_sa3.pdb,8K15,0.16686
8qo2_se5_sa4.pdb,8QO2,0.48031
8btz_se2_sa0.pdb,8BTZ,0.24027
7q48_se4_sa1.pdb,7Q48,0.35912
7sxp_se2_sa1.pdb,7SXP,0.28590
8uys_se3_sa2.pdb,8UYS,0.47989
8wa4_se5_sa2.pdb,8WA4,0.86332
r1288_se2_sa1.pdb,R1288,0.52093
r1212_se1_sa0.pdb,R1212,0.25950
8tju_se5_sa3.pdb,8TJU,0.32969
9bun_se1_sa1.pdb,9BUN,0.40408
r1252_se1_sa4.pdb,R1252,0.14542
8v1i_se4_sa0.pdb,8V1I,0.89588
8sch_se4_sa2.pdb,8SCH,0.40792
r1252_se2_sa0.pdb,R1252,0.15466
r1255_se5_sa1.pdb,R1255,0.41841
r1212_se5_sa2.pdb,R1212,0.25428
8uye_se1_sa4.pdb,8UYE,0.42996
8uys_se3_sa3.pdb,8UYS,0.42044
r1212_se4_sa2.pdb,R1212,0.25154
r1262_se4_sa0.pdb,R1262,0.80042
8q4o_se4_sa1.pdb,8Q4O,0.23668
7umc_se3_sa3.pdb,7UMC,0.43881
8btz_se1_sa2.pdb,8BTZ,0.26245
r1255_se4_sa3.pdb,R1255,0.45588
8tns_se5_sa3.pdb,8TNS,0.45286
r1211_se1_sa0.pdb,R1211,0.54017
8bu8_se5_sa2.pdb,8BU8,0.13586
8fcs_se1_sa0.pdb,8FCS,0.88583
r1255_se5_sa2.pdb,R1255,0.36882
8tns_se4_sa2.pdb,8TNS,0.45469
r1251_se2_sa4.pdb,R1251,0.12265
8vci_se5_sa3.pdb,8VCI,0.29245
r1285_se1_sa0.pdb,R1285,0.34890
r1293_se2_sa0.pdb,R1293,0.53875
8sch_se3_sa4.pdb,8SCH,0.49334
8qo2_se3_sa0.pdb,8QO2,0.31112
8vt5_se5_sa0.pdb,8VT5,0.89773
7umd_se2_sa0.pdb,7UMD,0.50510
8clr_se4_sa3.pdb,8CLR,0.94810
8cq1_se3_sa2.pdb,8CQ1,0.81141
r1211_se3_sa0.pdb,R1211,0.65167
r1286_se5_sa2.pdb,R1286,0.16079
8xzl_se2_sa4.pdb,8XZL,0.47328
r1264_se1_sa4.pdb,R1264,0.50254
r1256_se3_sa3.pdb,R1256,0.28835
8tju_se2_sa3.pdb,8TJU,0.30273
8k15_se5_sa1.pdb,8K15,0.15225
r1271_se4_sa2.pdb,R1271,0.85816
r1212_se2_sa1.pdb,R1212,0.28615
r1263_se1_sa1.pdb,R1263,0.52438
r1248_se3_sa0.pdb,R1248,0.24311
8xzl_se2_sa2.pdb,8XZL,0.45113
8vt5_se1_sa1.pdb,8VT5,0.92061
8qo4_se1_sa0.pdb,8QO4,0.44517
7umd_se3_sa3.pdb,7UMD,0.58815
r1254_se3_sa2.pdb,R1254,0.19338
r1212_se1_sa1.pdb,R1212,0.25096
8i44_se4_sa3.pdb,8I44,0.51966
7uga_se3_sa4.pdb,7UGA,0.68774
8vpv_se4_sa2.pdb,8VPV,0.50801
8vt5_se3_sa4.pdb,8VT5,0.91358
8tvz_se1_sa4.pdb,8TVZ,0.17461
r1252_se2_sa1.pdb,R1252,0.15279
7ume_se3_sa4.pdb,7UME,0.81591
7v06_se1_sa3.pdb,7V06,0.67901
9eow_se2_sa1.pdb,9EOW,0.72083
7ume_se3_sa0.pdb,7UME,0.84429
7v06_se5_sa0.pdb,7V06,0.80214
8wa4_se1_sa3.pdb,8WA4,0.82123
8sch_se1_sa3.pdb,8SCH,0.41392
8utg_se5_sa4.pdb,8UTG,0.34094
8btz_se2_sa4.pdb,8BTZ,0.20867
r1212_se5_sa3.pdb,R1212,0.24115
8uye_se5_sa3.pdb,8UYE,0.36964
8sch_se3_sa2.pdb,8SCH,0.45394
8tns_se3_sa1.pdb,8TNS,0.41395
r1242_se1_sa3.pdb,R1242,0.20274
r1203_se5_sa2.pdb,R1203,0.57607
r1242_se2_sa4.pdb,R1242,0.19497
8qo4_se4_sa2.pdb,8QO4,0.45332
8qo2_se5_sa1.pdb,8QO2,0.33290
8clr_se3_sa2.pdb,8CLR,0.95256
8bwt_se2_sa1.pdb,8BWT,0.78160
8tns_se3_sa2.pdb,8TNS,0.47442
8tns_se1_sa0.pdb,8TNS,0.45378
9eow_se2_sa0.pdb,9EOW,0.75676
8wa4_se1_sa4.pdb,8WA4,0.87824
8qo3_se4_sa3.pdb,8QO3,0.57853
7uga_se1_sa4.pdb,7UGA,0.68739
8jhp_se1_sa1.pdb,8JHP,0.62247
9bun_se4_sa2.pdb,9BUN,0.45576
8bm6_se5_sa3.pdb,8BM6,0.66177
8qo2_se2_sa1.pdb,8QO2,0.46436
8edp_se4_sa2.pdb,8EDP,0.37046
r1264_se2_sa4.pdb,R1264,0.47207
8k15_se3_sa4.pdb,8K15,0.16221
8vpv_se1_sa4.pdb,8VPV,0.46731
r1254_se2_sa4.pdb,R1254,0.18887
8i44_se2_sa4.pdb,8I44,0.51905
r1209_se2_sa3.pdb,R1209,0.33873
r1209_se3_sa1.pdb,R1209,0.42533
8bwt_se3_sa3.pdb,8BWT,0.74598
r1252_se5_sa2.pdb,R1252,0.15090
r1271_se2_sa2.pdb,R1271,0.85827
7q48_se2_sa2.pdb,7Q48,0.34908
r1264_se2_sa1.pdb,R1264,0.50690
7shx_se4_sa1.pdb,7SHX,0.29443
8v1h_se4_sa1.pdb,8V1H,0.83211
8vpv_se2_sa1.pdb,8VPV,0.46481
r1286_se4_sa2.pdb,R1286,0.15034
8q4o_se2_sa3.pdb,8Q4O,0.28285
r1205_se2_sa1.pdb,R1205,0.49256
8sch_se1_sa4.pdb,8SCH,0.41310
7v06_se4_sa2.pdb,7V06,0.67090
8tns_se3_sa4.pdb,8TNS,0.46414
8tns_se3_sa3.pdb,8TNS,0.39987
8v1i_se5_sa3.pdb,8V1I,0.86029
8uys_se4_sa2.pdb,8UYS,0.40189
r1203_se3_sa3.pdb,R1203,0.55343
7ume_se1_sa4.pdb,7UME,0.83691
8uys_se2_sa0.pdb,8UYS,0.39878
8bu8_se3_sa0.pdb,8BU8,0.15459
r1242_se5_sa2.pdb,R1242,0.23158
8i44_se1_sa2.pdb,8I44,0.54167
r1281_se4_sa1.pdb,R1281,0.31504
r1254_se4_sa2.pdb,R1254,0.17040
8its_se4_sa2.pdb,8ITS,0.46463
r1286_se5_sa1.pdb,R1286,0.15184
r1271_se3_sa1.pdb,R1271,0.85004
9eow_se5_sa0.pdb,9EOW,0.77273
9eow_se5_sa2.pdb,9EOW,0.74566
r1251_se4_sa3.pdb,R1251,0.13560
8tju_se2_sa0.pdb,8TJU,0.30757
r1255_se4_sa1.pdb,R1255,0.41747
8wa4_se2_sa4.pdb,8WA4,0.88892
8upt_se2_sa0.pdb,8UPT,0.81637
8upt_se5_sa1.pdb,8UPT,0.82037
r1241_se5_sa4.pdb,R1241,0.32064
8vci_se3_sa2.pdb,8VCI,0.42815
8utg_se3_sa2.pdb,8UTG,0.30461
r1242_se3_sa1.pdb,R1242,0.22094
8tju_se1_sa1.pdb,8TJU,0.30670
8tju_se4_sa4.pdb,8TJU,0.29384
8utg_se1_sa2.pdb,8UTG,0.33232
7umc_se3_sa4.pdb,7UMC,0.48894
7zj5_se3_sa2.pdb,7ZJ5,0.26381
r1254_se1_sa2.pdb,R1254,0.20812
7ume_se4_sa2.pdb,7UME,0.83457
r1209_se4_sa0.pdb,R1209,0.37577
8q4o_se3_sa4.pdb,8Q4O,0.25256
r1285_se3_sa0.pdb,R1285,0.37163
r1271_se5_sa0.pdb,R1271,0.85830
8bm6_se2_sa0.pdb,8BM6,0.63427
r1255_se4_sa2.pdb,R1255,0.44652
r1286_se3_sa3.pdb,R1286,0.12960
9eow_se2_sa2.pdb,9EOW,0.76694
7ume_se2_sa2.pdb,7UME,0.81445
r1209_se5_sa3.pdb,R1209,0.43797
8tvz_se3_sa1.pdb,8TVZ,0.17498
r1256_se2_sa1.pdb,R1256,0.28135
7v06_se2_sa4.pdb,7V06,0.75550
r1211_se5_sa1.pdb,R1211,0.62452
8qo3_se2_sa2.pdb,8QO3,0.60981
r1263_se1_sa0.pdb,R1263,0.48562
7zj5_se2_sa2.pdb,7ZJ5,0.22170
8qo4_se4_sa4.pdb,8QO4,0.38969
8i44_se4_sa2.pdb,8I44,0.54702
r1209_se2_sa2.pdb,R1209,0.47830
r1293_se2_sa4.pdb,R1293,0.53815
7shx_se5_sa3.pdb,7SHX,0.24141
r1296_se1_sa4.pdb,R1296,0.41566
8wa4_se4_sa4.pdb,8WA4,0.85521
8bm6_se1_sa3.pdb,8BM6,0.64258
8btz_se1_sa0.pdb,8BTZ,0.27061
8uys_se1_sa3.pdb,8UYS,0.42146
r1209_se1_sa0.pdb,R1209,0.37556
r1211_se5_sa3.pdb,R1211,0.52789
r1285_se3_sa1.pdb,R1285,0.36041
8bu8_se5_sa0.pdb,8BU8,0.17358
8tju_se4_sa2.pdb,8TJU,0.28793
8bwt_se2_sa2.pdb,8BWT,0.77237
7sxp_se3_sa3.pdb,7SXP,0.28644
r1241_se4_sa1.pdb,R1241,0.35858
r1252_se3_sa3.pdb,R1252,0.12488
8tju_se5_sa2.pdb,8TJU,0.29664
7zj5_se4_sa0.pdb,7ZJ5,0.25184
r1205_se1_sa2.pdb,R1205,0.41258
r1203_se1_sa0.pdb,R1203,0.57158
7umd_se5_sa4.pdb,7UMD,0.60152
8qo2_se1_sa0.pdb,8QO2,0.45870
8q4o_se2_sa0.pdb,8Q4O,0.28296
r1251_se2_sa3.pdb,R1251,0.15213
8utg_se2_sa4.pdb,8UTG,0.37027
r1212_se1_sa2.pdb,R1212,0.26649
8v1h_se2_sa0.pdb,8V1H,0.81665
r1241_se1_sa2.pdb,R1241,0.26342
8vpv_se3_sa1.pdb,8VPV,0.51777
r1264_se4_sa1.pdb,R1264,0.45618
r1209_se5_sa2.pdb,R1209,0.36144
8k15_se4_sa1.pdb,8K15,0.15677
8qo3_se1_sa4.pdb,8QO3,0.54310
r1262_se5_sa0.pdb,R1262,0.82340
8v1i_se1_sa3.pdb,8V1I,0.85488
r1203_se1_sa3.pdb,R1203,0.56944
8upt_se5_sa4.pdb,8UPT,0.82213
r1209_se4_sa3.pdb,R1209,0.35949
r1251_se3_sa2.pdb,R1251,0.13367
9bun_se2_sa0.pdb,9BUN,0.41451
8vci_se4_sa1.pdb,8VCI,0.24637
r1296_se4_sa0.pdb,R1296,0.39230
r1251_se5_sa4.pdb,R1251,0.13149
7umc_se3_sa2.pdb,7UMC,0.43273
7q48_se3_sa2.pdb,7Q48,0.29498
r1252_se2_sa3.pdb,R1252,0.15537
8clr_se3_sa1.pdb,8CLR,0.96161
7ume_se5_sa1.pdb,7UME,0.87103
8cq1_se5_sa1.pdb,8CQ1,0.82097
8xzl_se1_sa0.pdb,8XZL,0.45841
8jhp_se2_sa4.pdb,8JHP,0.69166
7uga_se2_sa4.pdb,7UGA,0.65082
8uye_se2_sa2.pdb,8UYE,0.34954
r1205_se5_sa3.pdb,R1205,0.44541
r1286_se2_sa3.pdb,R1286,0.13450
r1264_se1_sa0.pdb,R1264,0.45693
r1251_se4_sa2.pdb,R1251,0.13757
8tju_se2_sa1.pdb,8TJU,0.31427
8qo4_se1_sa4.pdb,8QO4,0.41102
r1288_se1_sa1.pdb,R1288,0.51593
7zj5_se3_sa1.pdb,7ZJ5,0.21510
r1241_se2_sa0.pdb,R1241,0.30472
r1255_se3_sa1.pdb,R1255,0.44521
8tju_se3_sa2.pdb,8TJU,0.29991
8tns_se1_sa3.pdb,8TNS,0.43680
8uye_se4_sa2.pdb,8UYE,0.40896
7shx_se2_sa2.pdb,7SHX,0.27520
r1212_se3_sa1.pdb,R1212,0.24605
r1264_se2_sa3.pdb,R1264,0.48285
8edp_se1_sa4.pdb,8EDP,0.33489
8q4o_se4_sa3.pdb,8Q4O,0.32193
8qo4_se2_sa1.pdb,8QO4,0.42157
r1254_se3_sa4.pdb,R1254,0.15460
r1264_se2_sa2.pdb,R1264,0.47521
8i44_se4_sa4.pdb,8I44,0.57061
8q4o_se1_sa3.pdb,8Q4O,0.25372
8k15_se2_sa3.pdb,8K15,0.14160
r1252_se2_sa4.pdb,R1252,0.14240
7q48_se2_sa3.pdb,7Q48,0.35265
8btz_se3_sa4.pdb,8BTZ,0.24090
8vci_se2_sa0.pdb,8VCI,0.31756
8uye_se3_sa2.pdb,8UYE,0.41575
r1281_se1_sa1.pdb,R1281,0.26911
8uye_se2_sa0.pdb,8UYE,0.39064
8vt5_se5_sa1.pdb,8VT5,0.91730
r1285_se4_sa4.pdb,R1285,0.30833
8q4o_se1_sa1.pdb,8Q4O,0.30794
r1241_se3_sa3.pdb,R1241,0.36468
8cq1_se1_sa1.pdb,8CQ1,0.81492
8upt_se3_sa2.pdb,8UPT,0.81827
7v06_se1_sa4.pdb,7V06,0.75416
8v1h_se1_sa1.pdb,8V1H,0.78175
r1296_se2_sa3.pdb,R1296,0.40727
r1205_se4_sa0.pdb,R1205,0.47752
8sch_se5_sa3.pdb,8SCH,0.41229
8upt_se3_sa0.pdb,8UPT,0.83128
7ume_se3_sa2.pdb,7UME,0.81284
7v06_se3_sa3.pdb,7V06,0.80197
8fcs_se2_sa4.pdb,8FCS,0.85310
8uys_se3_sa0.pdb,8UYS,0.41384
7q48_se1_sa3.pdb,7Q48,0.30902
r1205_se3_sa2.pdb,R1205,0.43714
7wia_se5_sa1.pdb,7WIA,0.51389
r1242_se4_sa4.pdb,R1242,0.32521
8uye_se3_sa0.pdb,8UYE,0.42006
r1285_se2_sa0.pdb,R1285,0.34172
7sxp_se1_sa2.pdb,7SXP,0.24336
7umd_se1_sa3.pdb,7UMD,0.63939
8qo2_se1_sa2.pdb,8QO2,0.39445
7q48_se3_sa4.pdb,7Q48,0.26287
r1263_se2_sa0.pdb,R1263,0.48070
8sch_se2_sa2.pdb,8SCH,0.49082
7zj5_se2_sa0.pdb,7ZJ5,0.21254
r1203_se5_sa0.pdb,R1203,0.58257
r1263_se4_sa0.pdb,R1263,0.50570
7umd_se4_sa3.pdb,7UMD,0.49052
7ume_se4_sa3.pdb,7UME,0.84898
8uye_se2_sa3.pdb,8UYE,0.45179
r1211_se5_sa2.pdb,R1211,0.59892
9eow_se4_sa1.pdb,9EOW,0.78335
r1242_se2_sa0.pdb,R1242,0.25126
r1251_se3_sa1.pdb,R1251,0.15510
r1296_se2_sa0.pdb,R1296,0.41138
8vci_se5_sa2.pdb,8VCI,0.41363
8wa4_se3_sa3.pdb,8WA4,0.85142
7ucr_se4_sa3.pdb,7UCR,0.99658
8edp_se2_sa2.pdb,8EDP,0.33331
8btz_se4_sa2.pdb,8BTZ,0.25470
7qdu_se3_sa1.pdb,7QDU,0.44783
7ucr_se3_sa3.pdb,7UCR,0.99533
8qo4_se1_sa3.pdb,8QO4,0.39897
7ucr_se2_sa0.pdb,7UCR,0.99524
r1203_se4_sa3.pdb,R1203,0.56592
r1251_se5_sa3.pdb,R1251,0.13876
7uga_se5_sa0.pdb,7UGA,0.68584
7shx_se2_sa0.pdb,7SHX,0.26243
7ume_se3_sa3.pdb,7UME,0.83952
r1248_se4_sa3.pdb,R1248,0.25945
r1248_se2_sa1.pdb,R1248,0.23263
8bu8_se1_sa2.pdb,8BU8,0.14714
8edp_se2_sa0.pdb,8EDP,0.32358
r1211_se5_sa4.pdb,R1211,0.54742
8upt_se1_sa0.pdb,8UPT,0.83272
r1296_se4_sa2.pdb,R1296,0.39796
7ume_se4_sa1.pdb,7UME,0.83543
8i44_se5_sa0.pdb,8I44,0.54495
8tju_se1_sa0.pdb,8TJU,0.30565
8uye_se3_sa1.pdb,8UYE,0.35786
7wia_se3_sa2.pdb,7WIA,0.49443
8fcs_se1_sa1.pdb,8FCS,0.83694
8bwt_se3_sa4.pdb,8BWT,0.76234
8v1h_se3_sa1.pdb,8V1H,0.84552
r1286_se1_sa1.pdb,R1286,0.13846
7uga_se4_sa2.pdb,7UGA,0.63023
8tvz_se3_sa3.pdb,8TVZ,0.16892
r1286_se4_sa4.pdb,R1286,0.16815
r1252_se5_sa3.pdb,R1252,0.12095
r1212_se4_sa4.pdb,R1212,0.31693
8wa4_se2_sa3.pdb,8WA4,0.83973
7wia_se5_sa3.pdb,7WIA,0.56339
7qdu_se4_sa0.pdb,7QDU,0.46922
7wia_se2_sa2.pdb,7WIA,0.54188
8tvz_se3_sa4.pdb,8TVZ,0.21015
8qo4_se4_sa1.pdb,8QO4,0.45392
r1241_se5_sa1.pdb,R1241,0.35340
8tns_se4_sa0.pdb,8TNS,0.46196
8tns_se3_sa0.pdb,8TNS,0.47314
8clr_se2_sa3.pdb,8CLR,0.95371
r1242_se3_sa4.pdb,R1242,0.25893
8clr_se5_sa1.pdb,8CLR,0.95763
r1209_se4_sa2.pdb,R1209,0.47261
7qdu_se1_sa4.pdb,7QDU,0.44243
8qo2_se1_sa4.pdb,8QO2,0.38723
7ucr_se1_sa1.pdb,7UCR,0.99617
r1264_se5_sa4.pdb,R1264,0.44684
8k15_se5_sa4.pdb,8K15,0.19757
9bun_se2_sa1.pdb,9BUN,0.41067
r1263_se2_sa3.pdb,R1263,0.52714
7zj5_se1_sa4.pdb,7ZJ5,0.24634
r1296_se1_sa3.pdb,R1296,0.42488
r1248_se1_sa3.pdb,R1248,0.25103
r1251_se2_sa1.pdb,R1251,0.13137
8v1h_se1_sa0.pdb,8V1H,0.83481
8qo4_se2_sa0.pdb,8QO4,0.41763
7umc_se1_sa3.pdb,7UMC,0.45085
r1241_se1_sa0.pdb,R1241,0.32355
7v06_se5_sa1.pdb,7V06,0.73340
r1209_se4_sa1.pdb,R1209,0.46118
8i44_se1_sa3.pdb,8I44,0.52317
8its_se2_sa4.pdb,8ITS,0.44689
r1256_se4_sa1.pdb,R1256,0.28025
8k15_se1_sa2.pdb,8K15,0.13774
r1262_se4_sa2.pdb,R1262,0.84334
r1203_se3_sa4.pdb,R1203,0.59883
r1212_se2_sa3.pdb,R1212,0.29255
r1211_se1_sa2.pdb,R1211,0.62079
8clr_se1_sa2.pdb,8CLR,0.95600
8bwt_se3_sa0.pdb,8BWT,0.75499
r1205_se5_sa0.pdb,R1205,0.44779
r1255_se4_sa0.pdb,R1255,0.44234
7umc_se2_sa3.pdb,7UMC,0.57383
7umd_se4_sa2.pdb,7UMD,0.61122
7uga_se3_sa2.pdb,7UGA,0.66240
r1271_se3_sa2.pdb,R1271,0.86194
7v06_se3_sa2.pdb,7V06,0.75254
8bu8_se4_sa1.pdb,8BU8,0.18681
7wia_se4_sa3.pdb,7WIA,0.51061
7wia_se1_sa1.pdb,7WIA,0.55420
8sch_se4_sa4.pdb,8SCH,0.46784
8qo2_se4_sa2.pdb,8QO2,0.35115
7v06_se5_sa3.pdb,7V06,0.82107
8utg_se2_sa1.pdb,8UTG,0.23119
8jhp_se5_sa2.pdb,8JHP,0.74847
8cq1_se1_sa3.pdb,8CQ1,0.83471
8btz_se1_sa1.pdb,8BTZ,0.23570
8bm6_se5_sa4.pdb,8BM6,0.66392
7uga_se4_sa0.pdb,7UGA,0.69348
8uye_se4_sa4.pdb,8UYE,0.43530
7ume_se5_sa3.pdb,7UME,0.83547
8edp_se5_sa1.pdb,8EDP,0.35550
8wa4_se4_sa3.pdb,8WA4,0.80762
8qo3_se3_sa1.pdb,8QO3,0.61797
r1296_se1_sa2.pdb,R1296,0.40287
r1281_se5_sa4.pdb,R1281,0.27898
8vpv_se4_sa3.pdb,8VPV,0.49054
8uys_se4_sa1.pdb,8UYS,0.42357
r1288_se4_sa4.pdb,R1288,0.56696
8vci_se5_sa1.pdb,8VCI,0.33474
r1293_se5_sa3.pdb,R1293,0.51724
8xzl_se1_sa2.pdb,8XZL,0.46791
7shx_se5_sa0.pdb,7SHX,0.27184
7umc_se2_sa2.pdb,7UMC,0.41623
7ucr_se3_sa1.pdb,7UCR,0.99696
7qdu_se2_sa2.pdb,7QDU,0.48701
8bwt_se4_sa1.pdb,8BWT,0.78206
7zj5_se4_sa2.pdb,7ZJ5,0.22204
7shx_se4_sa3.pdb,7SHX,0.20865
r1285_se3_sa2.pdb,R1285,0.34216
r1255_se1_sa0.pdb,R1255,0.40556
7shx_se3_sa2.pdb,7SHX,0.22075
r1248_se1_sa1.pdb,R1248,0.18337
r1262_se5_sa2.pdb,R1262,0.82995
r1263_se3_sa1.pdb,R1263,0.55712
8btz_se5_sa1.pdb,8BTZ,0.24355
r1271_se2_sa3.pdb,R1271,0.85579
8bu8_se2_sa1.pdb,8BU8,0.16450
8cq1_se4_sa1.pdb,8CQ1,0.82029
8q4o_se3_sa3.pdb,8Q4O,0.25186
9bun_se5_sa1.pdb,9BUN,0.38245
8qo4_se5_sa3.pdb,8QO4,0.43639
8cq1_se3_sa4.pdb,8CQ1,0.84829
r1252_se3_sa0.pdb,R1252,0.12383
8qo2_se3_sa4.pdb,8QO2,0.44311
r1251_se2_sa2.pdb,R1251,0.13758
7shx_se2_sa3.pdb,7SHX,0.32506
8tns_se2_sa4.pdb,8TNS,0.39974
8utg_se2_sa0.pdb,8UTG,0.34112
8xzl_se1_sa4.pdb,8XZL,0.45199
r1205_se1_sa3.pdb,R1205,0.43133
7q48_se3_sa1.pdb,7Q48,0.32791
8upt_se3_sa1.pdb,8UPT,0.81970
r1271_se3_sa3.pdb,R1271,0.85991
r1271_se1_sa2.pdb,R1271,0.85231
r1262_se3_sa0.pdb,R1262,0.84733
9eow_se3_sa4.pdb,9EOW,0.75600
r1251_se5_sa0.pdb,R1251,0.15051
r1205_se3_sa1.pdb,R1205,0.43255
r1252_se5_sa4.pdb,R1252,0.13614
8clr_se2_sa2.pdb,8CLR,0.96029
r1251_se1_sa3.pdb,R1251,0.13766
8uys_se3_sa4.pdb,8UYS,0.41443
8k15_se3_sa0.pdb,8K15,0.13431
8v1i_se3_sa1.pdb,8V1I,0.82283
r1242_se5_sa3.pdb,R1242,0.21866
r1296_se3_sa2.pdb,R1296,0.39625
8clr_se4_sa2.pdb,8CLR,0.94577
8tvz_se1_sa1.pdb,8TVZ,0.19810
8tns_se5_sa0.pdb,8TNS,0.42503
r1293_se3_sa4.pdb,R1293,0.45795
7shx_se4_sa2.pdb,7SHX,0.32880
8jhp_se1_sa3.pdb,8JHP,0.69530
r1242_se2_sa3.pdb,R1242,0.21096
r1209_se5_sa0.pdb,R1209,0.47340
8jhp_se4_sa3.pdb,8JHP,0.65377
7umc_se3_sa0.pdb,7UMC,0.64097
r1241_se4_sa2.pdb,R1241,0.37409
7ucr_se2_sa1.pdb,7UCR,0.99713
r1263_se1_sa3.pdb,R1263,0.52316
8k15_se4_sa3.pdb,8K15,0.14752
7wia_se1_sa0.pdb,7WIA,0.57812
8qo3_se4_sa2.pdb,8QO3,0.64349
r1252_se4_sa0.pdb,R1252,0.11870
7umc_se5_sa2.pdb,7UMC,0.40219
r1271_se5_sa4.pdb,R1271,0.86309
r1254_se2_sa1.pdb,R1254,0.18721
8fcs_se5_sa2.pdb,8FCS,0.81350
8bu8_se3_sa4.pdb,8BU8,0.16039
r1254_se2_sa2.pdb,R1254,0.20763
8v1h_se5_sa0.pdb,8V1H,0.83694
8jhp_se4_sa0.pdb,8JHP,0.75933
8bm6_se4_sa3.pdb,8BM6,0.64297
8tns_se1_sa1.pdb,8TNS,0.47307
8qo2_se2_sa0.pdb,8QO2,0.36360
8jhp_se5_sa0.pdb,8JHP,0.71540
7q48_se4_sa0.pdb,7Q48,0.26274
7shx_se1_sa3.pdb,7SHX,0.22349
8bm6_se1_sa4.pdb,8BM6,0.64536
8qo2_se4_sa0.pdb,8QO2,0.30300
8v1i_se4_sa1.pdb,8V1I,0.82371
8fcs_se2_sa3.pdb,8FCS,0.85538
7qdu_se4_sa1.pdb,7QDU,0.43896
r1211_se4_sa0.pdb,R1211,0.51550
8cq1_se3_sa3.pdb,8CQ1,0.81109
r1205_se4_sa1.pdb,R1205,0.45268
8i44_se2_sa1.pdb,8I44,0.52293
7ume_se3_sa1.pdb,7UME,0.83438
8i44_se5_sa1.pdb,8I44,0.52167
7ume_se1_sa3.pdb,7UME,0.82900
r1285_se5_sa3.pdb,R1285,0.36058
8wa4_se3_sa4.pdb,8WA4,0.86695
r1293_se3_sa1.pdb,R1293,0.54831
8wa4_se4_sa2.pdb,8WA4,0.86184
8bu8_se2_sa3.pdb,8BU8,0.15479
r1209_se1_sa2.pdb,R1209,0.41102
r1212_se3_sa0.pdb,R1212,0.28347
r1248_se1_sa0.pdb,R1248,0.25841
8v1h_se2_sa3.pdb,8V1H,0.79328
8k15_se1_sa4.pdb,8K15,0.09593
7shx_se1_sa2.pdb,7SHX,0.22509
r1263_se3_sa0.pdb,R1263,0.55681
9bun_se1_sa3.pdb,9BUN,0.42083
8bwt_se3_sa2.pdb,8BWT,0.79136
7ume_se5_sa4.pdb,7UME,0.84403
r1211_se3_sa2.pdb,R1211,0.51275
7v06_se4_sa4.pdb,7V06,0.74927
7uga_se3_sa0.pdb,7UGA,0.63554
8bu8_se4_sa2.pdb,8BU8,0.17077
8edp_se1_sa0.pdb,8EDP,0.33382
7sxp_se4_sa4.pdb,7SXP,0.26897
8qo4_se3_sa1.pdb,8QO4,0.42457
8k15_se5_sa2.pdb,8K15,0.15078
8clr_se4_sa1.pdb,8CLR,0.93526
r1262_se1_sa3.pdb,R1262,0.83369
8xzl_se2_sa3.pdb,8XZL,0.45294
8clr_se5_sa4.pdb,8CLR,0.95196
r1256_se1_sa1.pdb,R1256,0.29338
8uys_se4_sa4.pdb,8UYS,0.40564
r1285_se3_sa3.pdb,R1285,0.40923
7umd_se3_sa4.pdb,7UMD,0.60808
8qo2_se3_sa2.pdb,8QO2,0.42391
8uye_se3_sa3.pdb,8UYE,0.40071
r1255_se5_sa0.pdb,R1255,0.45233
8wa4_se3_sa0.pdb,8WA4,0.83087
7sxp_se3_sa2.pdb,7SXP,0.28660
7sxp_se5_sa4.pdb,7SXP,0.23766
8upt_se5_sa2.pdb,8UPT,0.84911
8vpv_se3_sa0.pdb,8VPV,0.43630
8btz_se4_sa0.pdb,8BTZ,0.21137
7v06_se1_sa2.pdb,7V06,0.71676
8v1i_se2_sa2.pdb,8V1I,0.84521
8vci_se1_sa3.pdb,8VCI,0.30565
8upt_se4_sa1.pdb,8UPT,0.83809
r1281_se5_sa0.pdb,R1281,0.11172
8k15_se5_sa0.pdb,8K15,0.14859
8its_se5_sa0.pdb,8ITS,0.39122
8upt_se1_sa1.pdb,8UPT,0.82098
8sch_se1_sa1.pdb,8SCH,0.40559
7umc_se2_sa0.pdb,7UMC,0.47737
8upt_se2_sa2.pdb,8UPT,0.81629
r1248_se5_sa2.pdb,R1248,0.24182
r1263_se2_sa1.pdb,R1263,0.55995
8v1h_se4_sa3.pdb,8V1H,0.81269
r1285_se5_sa1.pdb,R1285,0.41082
8tvz_se2_sa4.pdb,8TVZ,0.19315
r1293_se2_sa1.pdb,R1293,0.54763
7umc_se4_sa0.pdb,7UMC,0.65974
r1288_se5_sa3.pdb,R1288,0.54290
8vci_se3_sa1.pdb,8VCI,0.39419
7qdu_se2_sa0.pdb,7QDU,0.40632
8q4o_se5_sa0.pdb,8Q4O,0.34606
r1212_se3_sa3.pdb,R1212,0.27235
8qo3_se4_sa4.pdb,8QO3,0.52746
8wa4_se5_sa1.pdb,8WA4,0.84410
8qo3_se1_sa1.pdb,8QO3,0.60585
8vci_se2_sa3.pdb,8VCI,0.44912
8vci_se4_sa4.pdb,8VCI,0.38922
r1296_se5_sa1.pdb,R1296,0.40316
r1256_se3_sa0.pdb,R1256,0.29534
r1264_se4_sa2.pdb,R1264,0.47064
r1296_se5_sa0.pdb,R1296,0.40258
r1212_se2_sa0.pdb,R1212,0.29364
7zj5_se3_sa4.pdb,7ZJ5,0.27282
r1281_se3_sa0.pdb,R1281,0.19185
7qdu_se5_sa2.pdb,7QDU,0.46529
8bm6_se5_sa2.pdb,8BM6,0.64069
8vpv_se5_sa0.pdb,8VPV,0.55252
r1203_se3_sa1.pdb,R1203,0.56255
8bm6_se5_sa0.pdb,8BM6,0.65022
r1203_se2_sa1.pdb,R1203,0.58324
8xzl_se1_sa1.pdb,8XZL,0.45895
9eow_se1_sa2.pdb,9EOW,0.77702
8vt5_se3_sa0.pdb,8VT5,0.92711
8utg_se4_sa1.pdb,8UTG,0.33808
r1252_se5_sa0.pdb,R1252,0.12627
r1251_se4_sa4.pdb,R1251,0.14287
8edp_se2_sa1.pdb,8EDP,0.33750
8tju_se2_sa4.pdb,8TJU,0.29728
8qo2_se2_sa3.pdb,8QO2,0.30296
8k15_se4_sa0.pdb,8K15,0.17996
r1264_se3_sa0.pdb,R1264,0.51119
8utg_se1_sa1.pdb,8UTG,0.18994
8its_se4_sa3.pdb,8ITS,0.45804
7umd_se2_sa3.pdb,7UMD,0.60238
8upt_se1_sa3.pdb,8UPT,0.82331
8q4o_se5_sa4.pdb,8Q4O,0.30091
r1285_se2_sa1.pdb,R1285,0.34428
7wia_se4_sa0.pdb,7WIA,0.53640
7ucr_se4_sa4.pdb,7UCR,0.99565
8its_se5_sa2.pdb,8ITS,0.40564
8bwt_se1_sa3.pdb,8BWT,0.76978
r1209_se5_sa4.pdb,R1209,0.37556
r1252_se4_sa3.pdb,R1252,0.13243
r1248_se3_sa4.pdb,R1248,0.28441
8qo2_se4_sa4.pdb,8QO2,0.36996
7ucr_se1_sa0.pdb,7UCR,0.99679
7q48_se3_sa3.pdb,7Q48,0.30330
8tvz_se5_sa4.pdb,8TVZ,0.15946
r1288_se2_sa2.pdb,R1288,0.50243
9eow_se5_sa1.pdb,9EOW,0.76101
8vpv_se5_sa3.pdb,8VPV,0.46615
8uys_se1_sa0.pdb,8UYS,0.43385
8bwt_se4_sa3.pdb,8BWT,0.74355
8upt_se2_sa1.pdb,8UPT,0.82178
8cq1_se2_sa4.pdb,8CQ1,0.80748
8its_se5_sa4.pdb,8ITS,0.44694
r1209_se1_sa3.pdb,R1209,0.48896
r1296_se1_sa0.pdb,R1296,0.39046
8fcs_se5_sa0.pdb,8FCS,0.87455
8upt_se5_sa3.pdb,8UPT,0.81837
8edp_se3_sa0.pdb,8EDP,0.24488
r1241_se5_sa2.pdb,R1241,0.30087
8v1i_se2_sa0.pdb,8V1I,0.86817
8bm6_se3_sa1.pdb,8BM6,0.64257
r1286_se2_sa0.pdb,R1286,0.15064
8xzl_se1_sa3.pdb,8XZL,0.42038
r1255_se1_sa3.pdb,R1255,0.38276
7ucr_se1_sa3.pdb,7UCR,0.99740
8qo4_se5_sa4.pdb,8QO4,0.42313
8tju_se3_sa4.pdb,8TJU,0.29992
8fcs_se2_sa1.pdb,8FCS,0.86681
8v1i_se5_sa0.pdb,8V1I,0.80754
9bun_se2_sa4.pdb,9BUN,0.31984
8qo4_se5_sa0.pdb,8QO4,0.43911
7q48_se3_sa0.pdb,7Q48,0.30348
8tju_se1_sa4.pdb,8TJU,0.30188
7ume_se1_sa2.pdb,7UME,0.87313
8wa4_se1_sa0.pdb,8WA4,0.83679
8jhp_se3_sa3.pdb,8JHP,0.75758
7umd_se4_sa1.pdb,7UMD,0.65680
r1254_se3_sa0.pdb,R1254,0.21689
8bwt_se4_sa2.pdb,8BWT,0.75482
