PDB_ID,Model_ID,DockQ_Score
M1239v1,M1239v1_3.pdb,N/A
M1239v1,M1239v1_5.pdb,N/A
M1239v1,M1239v1_1.pdb,N/A
M1239v1,M1239v1_4.pdb,N/A
M1239v1,M1239v1_2.pdb,N/A
7YFY,7YFY_5.pdb,0.182
7YFY,7YFY_2.pdb,0.217
7YFY,7YFY_4.pdb,0.199
7YFY,7YFY_1.pdb,0.205
7YFY,7YFY_3.pdb,0.204
7VTN,7VTN_5.pdb,0.137
7VTN,7VTN_1.pdb,0.121
7VTN,7VTN_3.pdb,0.129
7VTN,7VTN_2.pdb,0.149
7VTN,7VTN_4.pdb,0.131
R1283v2,R1283v2_5.pdb,0.093
R1283v2,R1283v2_4.pdb,0.065
R1283v2,R1283v2_1.pdb,0.090
R1283v2,R1283v2_3.pdb,0.091
R1283v2,R1283v2_2.pdb,0.058
8EYU,8EYU_3.pdb,0.062
8EYU,8EYU_2.pdb,0.081
8EYU,8EYU_5.pdb,0.078
8EYU,8EYU_4.pdb,0.062
8EYU,8EYU_1.pdb,0.080
8VAJ,8VAJ_5.pdb,0.500
8VAJ,8VAJ_2.pdb,0.532
8VAJ,8VAJ_3.pdb,0.450
8VAJ,8VAJ_4.pdb,0.505
8VAJ,8VAJ_1.pdb,0.504
7VKL,7VKL_1.pdb,0.372
7VKL,7VKL_3.pdb,0.364
7VKL,7VKL_5.pdb,0.385
7VKL,7VKL_2.pdb,0.370
7VKL,7VKL_4.pdb,0.374
7YG6,7YG6_2.pdb,0.018
7YG6,7YG6_1.pdb,0.026
7YG6,7YG6_5.pdb,0.028
7YG6,7YG6_3.pdb,0.014
7YG6,7YG6_4.pdb,0.031
8SXL,8SXL_4.pdb,0.897
8SXL,8SXL_1.pdb,0.904
8SXL,8SXL_2.pdb,0.917
8SXL,8SXL_5.pdb,0.903
8SXL,8SXL_3.pdb,0.914
7YFX,7YFX_4.pdb,0.369
7YFX,7YFX_5.pdb,0.401
7YFX,7YFX_1.pdb,0.379
7YFX,7YFX_3.pdb,0.431
7YFX,7YFX_2.pdb,0.424
8HBA,8HBA_1.pdb,0.014
8HBA,8HBA_5.pdb,0.016
8HBA,8HBA_3.pdb,0.022
8HBA,8HBA_2.pdb,0.024
8HBA,8HBA_4.pdb,0.020
7VSJ,7VSJ_2.pdb,0.177
7VSJ,7VSJ_3.pdb,0.229
7VSJ,7VSJ_5.pdb,0.199
7VSJ,7VSJ_1.pdb,0.215
7VSJ,7VSJ_4.pdb,0.230
8TQX,8TQX_2.pdb,0.783
8TQX,8TQX_3.pdb,0.790
8TQX,8TQX_1.pdb,0.777
8TQX,8TQX_4.pdb,0.779
8TQX,8TQX_5.pdb,0.777
R1281o,R1281o_2.pdb,0.066
R1281o,R1281o_4.pdb,0.014
R1281o,R1281o_1.pdb,0.025
R1281o,R1281o_5.pdb,0.078
R1281o,R1281o_3.pdb,0.072
8ID2,8ID2_3.pdb,0.207
8ID2,8ID2_4.pdb,0.421
8ID2,8ID2_2.pdb,0.233
8ID2,8ID2_1.pdb,0.256
8ID2,8ID2_5.pdb,0.458
M1209,M1209_3.pdb,0.511
M1209,M1209_4.pdb,0.495
M1209,M1209_1.pdb,0.484
M1209,M1209_2.pdb,0.500
M1209,M1209_5.pdb,0.511
8WCS,8WCS_1.pdb,0.025
8WCS,8WCS_5.pdb,0.017
8WCS,8WCS_2.pdb,0.043
8WCS,8WCS_3.pdb,0.026
8WCS,8WCS_4.pdb,0.030
8THQ,8THQ_4.pdb,0.708
8THQ,8THQ_2.pdb,0.712
8THQ,8THQ_1.pdb,0.717
8THQ,8THQ_3.pdb,0.709
8THQ,8THQ_5.pdb,0.714
7YEY,7YEY_3.pdb,0.013
7YEY,7YEY_1.pdb,0.013
7YEY,7YEY_2.pdb,0.013
7YEY,7YEY_4.pdb,0.013
7YEY,7YEY_5.pdb,0.013
7XKM,7XKM_4.pdb,0.180
7XKM,7XKM_1.pdb,0.181
7XKM,7XKM_3.pdb,0.182
7XKM,7XKM_5.pdb,0.181
7XKM,7XKM_2.pdb,0.181
7YFQ,7YFQ_3.pdb,0.228
7YFQ,7YFQ_2.pdb,0.204
7YFQ,7YFQ_1.pdb,0.182
7YFQ,7YFQ_5.pdb,0.224
7YFQ,7YFQ_4.pdb,0.214
8E2A,8E2A_2.pdb,0.037
8E2A,8E2A_5.pdb,0.041
8E2A,8E2A_1.pdb,0.018
8E2A,8E2A_4.pdb,0.025
8E2A,8E2A_3.pdb,0.050
8WCE,8WCE_1.pdb,0.147
8WCE,8WCE_2.pdb,0.141
8WCE,8WCE_3.pdb,0.134
8WCE,8WCE_5.pdb,0.148
8WCE,8WCE_4.pdb,0.151
7VTI,7VTI_5.pdb,0.017
7VTI,7VTI_3.pdb,0.034
7VTI,7VTI_2.pdb,0.013
7VTI,7VTI_4.pdb,0.013
7VTI,7VTI_1.pdb,0.017
8FTI,8FTI_5.pdb,0.015
8FTI,8FTI_4.pdb,0.012
8FTI,8FTI_1.pdb,0.009
8FTI,8FTI_3.pdb,0.013
8FTI,8FTI_2.pdb,0.015
8D4B,8D4B_5.pdb,0.158
8D4B,8D4B_1.pdb,0.144
8D4B,8D4B_4.pdb,0.161
8D4B,8D4B_3.pdb,0.185
8D4B,8D4B_2.pdb,0.157
M1293,M1293_5.pdb,0.661
M1293,M1293_4.pdb,0.682
M1293,M1293_3.pdb,0.681
M1293,M1293_2.pdb,0.661
M1293,M1293_1.pdb,0.691
9CPI,9CPI_5.pdb,0.652
9CPI,9CPI_2.pdb,0.636
9CPI,9CPI_4.pdb,0.633
9CPI,9CPI_3.pdb,0.650
9CPI,9CPI_1.pdb,0.636
8TSV,8TSV_5.pdb,0.205
8TSV,8TSV_1.pdb,0.188
8TSV,8TSV_4.pdb,0.205
8TSV,8TSV_2.pdb,0.205
8TSV,8TSV_3.pdb,0.205
7YGN,7YGN_4.pdb,0.315
7YGN,7YGN_3.pdb,0.335
7YGN,7YGN_5.pdb,0.489
7YGN,7YGN_2.pdb,0.318
7YGN,7YGN_1.pdb,0.331
8HZL,8HZL_2.pdb,0.020
8HZL,8HZL_4.pdb,0.016
8HZL,8HZL_5.pdb,0.010
8HZL,8HZL_1.pdb,0.011
8HZL,8HZL_3.pdb,0.014
8SA3,8SA3_5.pdb,0.117
8SA3,8SA3_3.pdb,0.117
8SA3,8SA3_2.pdb,0.108
8SA3,8SA3_1.pdb,0.117
8SA3,8SA3_4.pdb,0.117
8D71,8D71_2.pdb,0.671
8D71,8D71_5.pdb,0.661
8D71,8D71_1.pdb,0.651
8D71,8D71_4.pdb,0.684
8D71,8D71_3.pdb,0.637
M1282,M1282_1.pdb,0.006
M1282,M1282_5.pdb,0.012
M1282,M1282_2.pdb,0.010
M1282,M1282_3.pdb,0.007
M1282,M1282_4.pdb,0.013
8KGF,8KGF_2.pdb,0.034
8KGF,8KGF_4.pdb,0.029
8KGF,8KGF_3.pdb,0.035
8KGF,8KGF_5.pdb,0.024
8KGF,8KGF_1.pdb,0.042
M1296,M1296_5.pdb,0.668
M1296,M1296_4.pdb,0.661
M1296,M1296_1.pdb,0.634
M1296,M1296_3.pdb,0.658
M1296,M1296_2.pdb,0.656
7YEX,7YEX_2.pdb,0.176
7YEX,7YEX_3.pdb,0.196
7YEX,7YEX_4.pdb,0.185
7YEX,7YEX_1.pdb,0.194
7YEX,7YEX_5.pdb,0.199
8K34,8K34_3.pdb,0.591
8K34,8K34_4.pdb,0.592
8K34,8K34_5.pdb,0.586
8K34,8K34_2.pdb,0.594
8K34,8K34_1.pdb,0.598
7UIM,7UIM_4.pdb,0.009
7UIM,7UIM_2.pdb,0.021
7UIM,7UIM_1.pdb,0.015
7UIM,7UIM_5.pdb,0.012
7UIM,7UIM_3.pdb,0.014
M1211,M1211_2.pdb,0.021
M1211,M1211_4.pdb,0.017
M1211,M1211_1.pdb,0.017
M1211,M1211_5.pdb,0.019
M1211,M1211_3.pdb,0.021
7TZR,7TZR_4.pdb,0.005
7TZR,7TZR_1.pdb,0.005
7TZR,7TZR_2.pdb,0.005
7TZR,7TZR_3.pdb,0.005
7TZR,7TZR_5.pdb,0.005
8WU5,8WU5_5.pdb,0.457
8WU5,8WU5_3.pdb,0.454
8WU5,8WU5_4.pdb,0.446
8WU5,8WU5_2.pdb,0.455
8WU5,8WU5_1.pdb,0.438
8D49,8D49_2.pdb,0.016
8D49,8D49_5.pdb,0.012
8D49,8D49_1.pdb,0.017
8D49,8D49_4.pdb,0.020
8D49,8D49_3.pdb,0.016
8E29,8E29_5.pdb,0.341
8E29,8E29_2.pdb,0.380
8E29,8E29_3.pdb,0.426
8E29,8E29_1.pdb,0.389
8E29,8E29_4.pdb,0.325
8UO6,8UO6_5.pdb,0.003
8UO6,8UO6_1.pdb,0.003
8UO6,8UO6_4.pdb,0.003
8UO6,8UO6_2.pdb,0.003
8UO6,8UO6_3.pdb,0.004
8HZJ,8HZJ_5.pdb,0.012
8HZJ,8HZJ_3.pdb,0.012
8HZJ,8HZJ_2.pdb,0.012
8HZJ,8HZJ_1.pdb,0.012
8HZJ,8HZJ_4.pdb,0.012
8KI8,8KI8_3.pdb,0.042
8KI8,8KI8_1.pdb,0.066
8KI8,8KI8_2.pdb,0.037
8KI8,8KI8_5.pdb,0.020
8KI8,8KI8_4.pdb,0.027
8SJ7,8SJ7_4.pdb,0.837
8SJ7,8SJ7_1.pdb,0.852
8SJ7,8SJ7_2.pdb,0.792
8SJ7,8SJ7_3.pdb,0.839
8SJ7,8SJ7_5.pdb,0.820
8X1V,8X1V_2.pdb,0.306
8X1V,8X1V_4.pdb,0.459
8X1V,8X1V_5.pdb,0.500
8X1V,8X1V_3.pdb,0.321
8X1V,8X1V_1.pdb,0.465
M1216,M1216_3.pdb,N/A
M1216,M1216_1.pdb,N/A
M1216,M1216_5.pdb,N/A
M1216,M1216_4.pdb,N/A
M1216,M1216_2.pdb,N/A
8K0P,8K0P_1.pdb,0.003
8K0P,8K0P_4.pdb,0.003
8K0P,8K0P_5.pdb,0.195
8K0P,8K0P_3.pdb,0.003
8K0P,8K0P_2.pdb,0.194
