PDB_ID,Total_DockQ_Score,DockQ_Score,F1_Score,Native_chains,Model_chains
8UO6,0.003,0.003,0.0,"A, B","B, A"
8D4B,0.144,0.029,0.007,"A, B","C, B"
8D4B,0.144,0.031,0.027,"A, C","C, A"
8D4B,0.144,0.371,0.927,"B, C","B, A"
8FTI,0.009,0.009,0.004,"A, B","A, B"
8KI8,0.066,0.066,0.08,"A, E","B, A"
8VAJ,0.504,0.501,0.795,"A, E","A, B"
8VAJ,0.504,0.454,0.625,"A, F","A, C"
8VAJ,0.504,0.556,0.927,"E, F","B, C"
7TZR,0.005,0.005,0.0,"X, Y","A, B"
8WCS,0.025,0.025,0.03,"A, G","A, B"
8E29,0.389,0.389,0.706,"A, B","A, B"
7VTN,0.121,0.012,0.0,"A, B","A, B"
7VTN,0.121,0.032,0.0,"A, C","A, C"
7VTN,0.121,0.318,0.854,"B, C","B, C"
7YFX,0.379,0.379,0.568,"A, B","A, B"
8EYU,0.08,0.08,0.043,"B, A","A, B"
M1209,0.484,0.582,0.908,"A, B","A, B"
M1209,0.484,0.336,0.951,"A, 0","A, C"
M1209,0.484,0.533,1.0,"B, 0","B, C"
7YEX,0.194,0.194,0.0,"A, B","A, B"
9CPI,0.636,0.636,0.97,"A, B","A, B"
M1211,0.017,0.026,0.0,"A, B","A, B"
M1211,0.017,0.016,0.0,"A, 0","A, C"
M1211,0.017,0.009,0.0,"B, 0","B, C"
8SXL,0.904,0.904,1.0,"A, B","A, B"
7YEY,0.013,0.013,0.0,"A, B","A, B"
7YG6,0.026,0.026,0.0,"B, A","A, B"
8HZL,0.011,0.011,0.0,"A, B","B, A"
8WCE,0.147,0.016,0.014,"A, G","A, B"
8WCE,0.147,0.012,0.0,"A, T","A, C"
8WCE,0.147,0.415,0.902,"G, T","B, C"
8HZJ,0.012,0.012,0.0,"A, B","B, A"
7YFQ,0.182,0.502,0.861,"B, C","A, B"
7YFQ,0.182,0.027,0.011,"B, A","A, C"
7YFQ,0.182,0.016,0.0,"C, A","B, C"
8TQX,0.777,0.777,0.959,"A, D","A, B"
8SJ7,0.852,0.852,0.93,"A, B","A, B"
M1296,0.634,0.705,0.84,"A, B","A, B"
M1296,0.634,0.608,0.933,"A, 0","A, C"
M1296,0.634,0.59,1.0,"B, 0","B, C"
8TSV,0.188,0.188,0.646,"C, D","C, B"
M1293,0.691,0.854,0.86,"A, B","A, B"
M1293,0.691,0.605,0.921,"A, 1","A, C"
M1293,0.691,0.615,1.0,"B, 1","B, C"
8D71,0.651,0.651,0.857,"A, B","A, B"
8D49,0.017,0.017,0.012,"A, B","A, B"
7VSJ,0.215,0.215,0.115,"A, B","A, B"
R1283v2,0.09,0.118,0.001,"0, 1","B, C"
R1283v2,0.09,0.062,0.001,"0, 3","B, D"
R1283v2,0.09,0.063,0.002,"1, 2","C, A"
R1283v2,0.09,0.118,0.003,"2, 3","A, D"
R1281o,0.025,0.025,0.0,"0, 1","A, B"
8KGF,0.042,0.042,0.04,"A, G","A, B"
7UIM,0.015,0.015,0.001,"B, D","A, B"
8THQ,0.717,0.625,0.746,"A, R","B, D"
8THQ,0.717,0.413,0.0,"A, S","B, C"
8THQ,0.717,0.797,0.875,"R, S","D, C"
8THQ,0.717,0.94,1.0,"R, B","D, A"
8THQ,0.717,0.809,0.848,"S, B","C, A"
8ID2,0.256,0.267,0.296,"A, C","A, C"
8ID2,0.256,0.321,0.327,"B, D","B, D"
8ID2,0.256,0.18,0.222,"C, D","C, D"
8SA3,0.117,0.117,0.015,"A, B","A, B"
7YFY,0.205,0.014,0.0,"A, C","C, B"
7YFY,0.205,0.028,0.015,"A, B","C, A"
7YFY,0.205,0.572,0.892,"C, B","B, A"
8K34,0.598,0.625,0.768,"A, B","A, B"
8K34,0.598,0.333,0.0,"A, C","A, C"
8K34,0.598,0.837,0.857,"B, C","B, C"
M1282,0.006,0.006,0.0,"1, B","A, B"
7VKL,0.372,0.372,0.35,"A, B","A, B"
8K0P,0.003,0.003,0.0,"A, C","B, A"
8HBA,0.014,0.014,0.0,"A, B","A, B"
7VTI,0.017,0.017,0.0,"A, B","B, A"
7YGN,0.331,0.331,0.712,"A, B","A, B"
8E2A,0.018,0.018,0.0,"A, B","B, A"
