PDB_ID,Total_DockQ_Score,DockQ_Score,F1_Score,Native_chains,Model_chains
8VAJ,0.105,0.047,0.0,"A, E","A, B"
8VAJ,0.105,0.04,0.043,"A, F","A, C"
8VAJ,0.105,0.229,0.465,"E, F","B, C"
8SNX,0.001,0.001,0.0,"A, T","A, B"
9CPI,0.653,0.653,0.943,"A, B","B, A"
8JSL,0.031,0.031,0.022,"A, G","A, B"
7XKM,0.229,0.468,0.714,"A, B","A, D"
7XKM,0.229,0.064,0.0,"A, C","A, C"
7XKM,0.229,0.07,0.0,"A, D","A, B"
7XKM,0.229,0.075,0.0,"B, C","D, C"
7XKM,0.229,0.47,0.691,"C, D","C, B"
8D49,0.046,0.046,0.017,"A, B","A, B"
8KI8,0.001,0.001,0.0,"A, E","A, B"
7YFY,0.018,0.021,0.0,"A, C","A, B"
7YFY,0.018,0.028,0.019,"A, B","A, C"
7YFY,0.018,0.004,0.0,"C, B","B, C"
8EYU,0.011,0.011,0.0,"B, A","B, A"
8SXL,0.899,0.899,0.979,"A, B","A, B"
7UIM,0.003,0.003,0.0,"B, D","B, A"
8TQX,0.689,0.689,0.902,"A, D","A, B"
M1209,0.016,0.01,0.0,"A, B","A, B"
M1209,0.016,0.018,0.0,"A, 0","A, C"
M1209,0.016,0.021,0.0,"B, 0","B, C"
8D4B,0.015,0.032,0.018,"A, B","A, B"
8D4B,0.015,0.007,0.0,"A, C","A, C"
8D4B,0.015,0.005,0.0,"B, C","B, C"
8D71,0.348,0.348,0.632,"A, B","A, B"
8KGF,0.012,0.012,0.005,"A, G","A, B"
8HZL,0.003,0.003,0.0,"A, B","A, B"
M1293,0.02,0.003,0.0,"A, B","A, B"
M1293,0.02,0.015,0.0,"A, 1","A, C"
M1293,0.02,0.041,0.0,"B, 1","B, C"
8HBA,0.014,0.014,0.0,"A, B","A, B"
8K0P,0.035,0.035,0.0,"A, C","A, B"
8WCE,0.011,0.007,0.0,"A, G","A, B"
8WCE,0.011,0.014,0.008,"A, T","A, C"
8WCE,0.011,0.013,0.0,"G, T","B, C"
8THQ,0.207,0.207,0.361,"B, S","A, B"
7VKL,0.012,0.012,0.0,"A, B","A, B"
8FTI,0.013,0.013,0.026,"A, B","A, B"
8UO6,0.004,0.004,0.0,"A, B","A, B"
8WU5,0.524,0.524,0.932,"A, B","B, A"
M1282,0.017,0.017,0.0,"1, B","B, A"
8TSV,0.079,0.079,0.312,"C, D","B, A"
8E28,0.45,0.45,0.547,"A, C","A, B"
7YG6,0.031,0.031,0.0,"B, A","B, A"
7VTI,0.02,0.02,0.0,"A, B","A, B"
8SA3,0.108,0.108,0.043,"A, B","A, B"
8HZJ,0.016,0.016,0.0,"A, B","A, B"
7TZR,0.009,0.009,0.0,"X, Y","B, A"
7Y9Y,0.018,0.02,0.013,"A, R","A, B"
7Y9Y,0.018,0.015,0.006,"A, D","A, C"
7Y9Y,0.018,0.019,0.043,"R, D","B, C"
8K34,0.026,0.01,0.0,"A, B","A, B"
8K34,0.026,0.04,0.0,"A, C","A, C"
8K34,0.026,0.029,0.0,"B, C","B, C"
8E2A,0.169,0.169,0.248,"A, B","A, B"
7YGN,0.012,0.012,0.0,"A, B","A, B"
7YEY,0.014,0.014,0.0,"A, B","A, B"
7XC7,0.012,0.012,0.0,"D, J","A, C"
7XC7,0.012,0.013,0.0,"C, J","B, C"
8SNY,0.001,0.001,0.0,"A, T","A, B"
7YFQ,0.028,0.022,0.0,"B, C","B, C"
7YFQ,0.028,0.032,0.0,"B, A","B, A"
7YFQ,0.028,0.031,0.0,"C, A","C, A"
M1211,0.02,0.018,0.0,"A, B","A, B"
M1211,0.02,0.027,0.041,"A, 0","A, C"
M1211,0.02,0.014,0.0,"B, 0","B, C"
7YFX,0.009,0.009,0.0,"A, B","A, B"
8WCS,0.013,0.013,0.009,"A, G","A, B"
8UD4,0.037,0.014,0.0,"B, G","A, B"
8UD4,0.037,0.008,0.0,"B, H","A, C"
8UD4,0.037,0.09,0.359,"G, H","B, C"
M1296,0.284,0.807,0.665,"A, B","A, B"
M1296,0.284,0.021,0.0,"A, 0","A, C"
M1296,0.284,0.023,0.0,"B, 0","B, C"
7VTN,0.014,0.009,0.0,"A, B","A, B"
7VTN,0.014,0.017,0.0,"A, C","A, C"
7VTN,0.014,0.015,0.0,"B, C","B, C"
8E29,0.283,0.283,0.414,"A, B","A, B"
8X1V,0.136,0.136,0.222,"A, B","A, B"
R1285o,0.003,0.003,0.0,"0, 1","A, B"
8JSM,0.003,0.003,0.0,"A, G","A, B"
7YEX,0.174,0.174,0.429,"A, B","A, B"
8SJ7,0.47,0.47,0.542,"A, B","A, B"
8ID2,0.077,0.072,0.108,"A, C","B, D"
8ID2,0.077,0.139,0.207,"B, D","A, C"
8ID2,0.077,0.022,0.0,"C, D","D, C"
7VSJ,0.167,0.167,0.3,"A, B","A, B"
